{"current":{"product_key":"","store_time_zone":"360","default_font_family":"DM Sans","default_font_size":"12px","default_line_height":"2","carticoncolor":"#ffffff","cartcountcolor":"#3498db","mobilecountbgcolor":"#000000","cartcounttextcolor":"#ffffff","mobilecartcounttextcolor":"#ffffff","borderuse":true,"bcolor":"#fff9f9","menuandsearchcolor":"#000000","footercarticoncolor":"#000000","footercarticonbackground":"#ffffff","color_body_bg":"#fff","color_body_text":"#000000","color_primary":"#2980b9","color_secondary":"#3498db","checkoutbuttoncolor":"#256f9f","checkoutbuttoncolorhover":"#256f9f","checkoutbuttoncolortext":"#ffffff","checkoutbuttoncolortexthover":"#ffffff","quantity_selector_bg":"#f9f9f9","quantity_selector_text":"#888888","quantity_selector_hover_bg":"#f1f1f1","quantity_selector_hover_text":"#000000","bottom_popup_bg":"#119cf5","bottom_popup_message":"#ffffff","bottom_popup_product_title_olor":"#dad9d9","upsell_popup_bg_color":"#ffffff","upsell_popup_text_color":"#000000","upsell_popup_headline_bg_color":"#dddcdc","upsell_headline_text_color":"#000000","button_yes_bg_color":"#119cf5","button_yes_text_color":"#ffffff","button_no_bg_color":"#dddcdc","button_no_text_color":"#000000","notifications_cookie_bg_color":"#119cf5","notifications_cookie_text_color":"#ffffff","notifications_cookie_buttons_text_color":"#ffffff","notifications_cookie_buttons_text_h_color":"#2e2e2e","statistics_slider_bg_color":"#ffffff","footer_copyright_bg_color":"#000000","footer_copyright_font_color":"#ffffff","colection_left_bar_bg_color":"#3d3d3d","colection_left_bar_font_color":"#ffffff","colection_left_bar_titlebg_color":"#efefef","colection_left_bar_titlefont_color":"#000000","colection_sale_badge_text_color":"#ffffff","colection_quick_buy_text_color":"#ffffff","Cart_drawer_border_colors":"#cccccc","product_information_bg_color":"#f8f8f8","product_information_bd_color":"#e1e1e1","product_information_arrow_color":"#414141","product_information_text_color":"#414141","preloader_is_show":false,"preloader_image_width":100,"strip_bg_color":"#000000","strip_text_color":"#ffffff","strip_link_color":"#ffffff","strip_hover_link_color":"#3498db","strapline_border_color":"#000000","text_color_desk":"#ffffff","other_colors":"#ffffff","strip_font_size":"14px","strip_line_font_style":"400","enable_strip_text":true,"strip_linklist":"top-menu","enabletopnavonmobile":false,"strip_text":"","enable_free_shipping_on_strip_bar":false,"strip_url":"","strip_display_user_country":false,"strip_bottom_border":false,"strip_bottom_border_width":"4px","enable_mobile_topbar":false,"enable_mobile_sticky_topbar":false,"mobile_top_bar_font_color":"#ffffff","mobile_top_bar_bg_color":"#000000","mobile_top_bar_bottom_border_color":"#3b3b3b","mobile_header_bg_color":"#000000","mobile_top_strip":"","enable_banner_user_country":true,"enable_header_fb_page":false,"header_fb_page_url":"","header_fb_page_name":"","logo_use_image":true,"logo_png":"shopify:\/\/shop_images\/Premium-3D-STL-Model-Files-Sethers.png","logo_max_width":"300","favicon_enable":true,"favicon_png":"shopify:\/\/shop_images\/Luxury-Books-Gifts-Sethers-Bookstore-Men-Women-Gift-Christmas.png","header_bgcolor":"#000000","menu_border_color":"#bb2749","menu_bgcolor":"#2c3e50","menu_font_color":"#ffffff","showhighlightbar":true,"menu_link_font_size":"12px","menu_link_font_style":"300","enable_sticky_headerr":"two","usecutomiconforcart":true,"mobile_search_options":"two","alignment_of_nav":"left","enable_header_promotion":false,"header_promotion_link":"https:\/\/sethers.com\/collections\/limited-edition-models-3d-printer-model-files","enable_header_search":true,"searchonlyproduct":true,"header_search_placeholder":"Search...","header_search_font_size":12,"search_bg_color":"#ffffff","search_text_color":"#000000","search_border_color":"#cccccc","color_searchbutton":"#ffffff","searchiconcolor":"#000000","usesearchicon":false,"optionofphone":"Hybrid","enable_header_contact":false,"usecustomphoneicon":false,"header_question_line":"3D Printing Model Files","header_question_line_font_color":"#1e1e1e","header_phone_number_prompt_font_size":"12px","header_phone_number_prompt_font_style":"300","header_phone":"","linkurlforphone":false,"urlforphone":"","header_phone_font_color":"#1e0c0c","header_phone_font_size":"12px","header_phone_font_style":"400","header_time":"24\/7 Sales and Support","header_opening_hours_font_color":"#000000","header_opening_hours_font_size":"12px","header_opening_hours_font_style":"300","sticky_bg_color":"#3498db","sticky_text_color":"#ffffff","sticky_font_size":"12px","sticky_font_style":"400","enable_sticky_bar":false,"enable_sticky_bar_mobile":false,"sticky_bar_method":"site","enable_sticky_bar_timer":false,"sticky_bar_text":"24 Hours Only | EXTRA 50% Discount >> ALL 3D Printer Model Files <<  SAVINGS applied to Cart | SALE ENDS >>","free_shipping_sticky_bar_text":"","sticky_bar_timer_cutoff":"24","sticky_bar_reset":"24","megamenu_bg_color":"#000000","megamenu_title_font_color":"#ffffff","megamenu_title_font_size":"12px","megamenu_title_font_style":"400","megamenu_link_color":"#ffffff","megamenu_link_hover_color":"#ffffff","megamenu_link_font_size":"12px","megamenu_link_font_style":"400","megamenu_custom_link_color":"#ffffff","megamenu_custom_link_hover_color":"#ffffff","megamenu_custom_link_font_size":"12px","megamenu_custom_link_font_style":"400","megamenu_line_spacing":"4","arrow_style":"Left-Right","show_border":true,"options_styles":"Option_1","use_two_and_half_layout":true,"products_max_desc_length_enable":false,"products_max_desc_length":30,"use_scroll_by_n_items":false,"scroll_by_n_items":2,"badge_add_to_cart_bg_color":"#2c3e50","badge_add_to_cart_border":"#2c3e50","badge_add_to_cart_font_color":"#ffffff","badge_add_to_cart_hover_bg_color":"#2c3e50","badge_add_to_cart_hover_font_color":"#ffffff","badge_add_to_cart_font_size":"18px","badge_add_to_cart_font_style":"600","sale_button_option":"sale_button_option_two","save_bar_bg":"#3498db","save_bar_font":"#ffffff","product_layout_option":"product_two","badges_enable":true,"badges_enable_product":true,"footer_second_row_bg_color":"#9a9a9a","footer_border_colors":"#cccccc","mobile_footer_border_font_color":"#2b2b2b","color_footer_social_link":"#bbbbbb","footer_second_row_font_color":"#ffffff","footer_second_row_font_size":"12px","footer_second_row_font_style":"400","footer_second_row_title_font_color":"#ffffff","footer_second_row_title_font_size":"16px","footer_second_row_title_font_style":"600","footer_second_row_display":true,"newslatter_form_show":true,"footer_opt_in_button_bg":"#3498db","footer_opt_in_button_font_color":"#ffffff","checkbox_font_color":"#ffffff","checkbox_link_font_color":"#000000","footer_linklist":"footer","menu_font_color-1":"#ffffff","footer_linklist_font_size":"12px","footer_linklist_font_style":"300","usecustomphoneiconforfooter":false,"footer_second_row_phone_font_color":"#3498db","footer_second_row_phone_font_size":"20px","footer_second_row_phone_font_style":"300","footer_phone_heading_font_size":"20px","footer_phone_heading_font_style":"300","footer_checkout_display":true,"checkout_box_heading_text":"Secure Payments by PayPal","checkout_box_info_text":">> No PayPal Account Needed <<","footer_checkout_single":false,"ff-checkout-visa-enable":true,"ff-checkout-mastercard-enable":true,"ff-checkout-americanexp-enable":true,"ff-checkout-discover-enable":false,"ff-checkout-paypal-enable":false,"ff-checkout-shopify-enable":true,"ff-checkout-7-enable":true,"social_icons_enabled":true,"twitter_url":"https:\/\/twitter.com\/Sethers3D","facebook_url":"https:\/\/www.facebook.com\/sethersgifts","pinterest_url":"","instagram_url":"https:\/\/www.instagram.com\/sethersgifts","google_url":"","tumblr_url":"","youtube_url":"","vimeo_url":"","upsell_popup_enable1":true,"free_product1":"fishing-makes-me-happy-you-not-so-much-fishing-mug","upsell_headline_text1":"Grab 2 & Get This Free Item","yes_button_text1":"YES! I WANT THIS SPECIAL OFFER","no_button_text1":"No Thanks, I Just Want One","quantity_upsell1":"1","upsell_popup_enable2":false,"free_product2":"","upsell_headline_text2":"","yes_button_text2":"","no_button_text2":"","quantity_upsell2":"1","upsell_popup_enable3":false,"free_product3":"","upsell_headline_text3":"","yes_button_text3":"","no_button_text3":"","quantity_upsell3":"1","upsell_popup_enable4":false,"free_product4":"micro-storage-camping-cookware-set","upsell_headline_text4":"HERE","yes_button_text4":"YES","no_button_text4":"NO","quantity_upsell4":"1","product_title_color":"#080000","product_title_font_size":"34px","product_title_font_style":"600","product_price_color":"#000000","product_price_font_size":"30px","product_price_font_style":"700","tab_bg":"#f8f8f8","tab_border":"#dddcdc","tab_title_selected_border":"#3498db","tab_title_font":"#606060","tab_title_font_size":"17px","tab_title_font_style":"400","product_tabs_font_size":"16px","enable_product_progressbar":false,"product_progressbar_style":"1","use_tags_to_display_quantity":false,"display_quantity_count_demo_data":true,"enable_total_quantity":true,"enable_progressbar_text":true,"show_progressbar_on_cands":true,"enable_progressbar_text_value":"Quantity Remaining:","progress_bar_text_color":"#000000","progress_bar_text_font_size":"19px","progress_bar_text_font_style":"400","progress_bar_bg_color":"#ffffff","progress_bar_fill_bg_color":"#4b970b","progress_bar_fill_bg_color_danger":"#ee5f5b","quantity_text_font_size":"16px","quantity_text_font_style":"600","quantity_color":"#000000","show_price_label":true,"product_thumbnails":"Bottom","hide_thumb_on_mobile":false,"thumbbordersettings":"one","scroll_image_feature":true,"thumb_as_slider":true,"product_review_type":"loox","enable_wishlist":true,"wishlist_color":"#aba9a9","wishlist_color_selected":"#ff0000","zoommodeonoff":true,"hintonoff":false,"zoomexpand":true,"zoomon":"click","closezoomonback":true,"zoom_hover_text_desktop":"Hover to zoom","zoom_click_text_desktop":"Click to zoom","zoom_expand_text_desktop":"Click to expand","zoom_touch_text_mobile":"Touch to zoom","zoom_tap_text_mobile":"Double tap to zoom","zoom_expand_text_mobile":"Tap to expand","display_sku":true,"notify_me_form":true,"notify_text":"Notify me when this product is available","notify_email_placeholder":"Email Address","notify_button":"Alert Me","variant_notify_me_form":true,"variant_notify_text":"Notify me when this product is available:","variant_notify_email_placeholder":"Enter Email","variant_notify_button":"Submit","stickycartenable":true,"sticky_atc_mobile":"option_2","disableatc":false,"Sticky_add_to_cart_button_text":"+ Add To Cart","stickybuttonbg":"#49acd5","stickybuttontext":"#ffffff","Sticky_Buy_button_text":"+ Buy Now","stickybuttonbuybg":"#3498db","stickybuttonbuytext":"#ffffff","display_sizing_chart":false,"sizing_chart_page":"t-shirt","size_chart_link_color":"#080808","size_chart_link_font_size":"15px","size_chart_link_font_style":"600","amazonbutton":false,"atc_cart_style":"slide","pdp_button":"add_to_cart","cart_button_fullwidth":false,"animate_cart_button":true,"enable_checkout_icon":true,"enable_custom_checkout_icon":true,"add_to_cart_bg_color":"#3498db","add_to_cart_border":"rgba(0,0,0,0)","add_to_cart_font_color":"#ffffff","add_to_cart_hover_bg_color":"#2980b9","add_to_cart_hover_font_color":"#ffffff","add_to_cart_font_size":"16px","add_to_cart_font_style":"700","add_to_cart_button_text":"Add to cart","freeshipping_add_to_cart_button_text":"FREE - JUST PAY SHIPPING","atc_to_cart_button":false,"adding_to_cart_button_text":"Adding to cart ...","added_to_cart_button_text":"Added to Cart","display_quantity_dropdown":true,"show_saved_amount":true,"show_compare_price":true,"enable_checklist":true,"variant_swatch":true,"swatchestype":"Label","product_personalisation":true,"enable_product_tooltip":false,"out_of_stock_text":"Currently out of stock","product_description":false,"product_desc_below_image":"","product_desc_below_link":"#","social_sharing_products":true,"social_sharing_products_mobile":true,"share_facebook":true,"share_twitter":true,"share_pinterest":true,"product_we_ship_fast_hide":false,"product_we_ship_fast":"","product_motivator_text":"Free Shipping When You Spend Over $x to","enable_free_shipping_on_product_page":false,"promotion_display_user_country":false,"informations_alert_enable":true,"informations_alert_text":"<span>Only [quantity_counter] left!<\/span> [fire_icon] [visitors_counter] people are viewing this, and [orders_counter] recently purchased it","visitors_counter_enable":false,"visitors_counter_text_after":"Visitor Right Now","visitors_counter_min":"2","visitors_counter_max":"11","orders_counter_enable":true,"orders_counter_text_before":"People have recently bought this","orders_counter_statistics_type":"all","orders_counter_period":"24","orders_counter_enable_demo_data":true,"orders_counter_min":"5","orders_counter_max":"20","addedtocart_counter_enable":true,"addedtocart_counter_statistics_type":"all","addedtocart_counter_period":"24","addedtocart_counter_enable_demo_data":true,"addedtocart_counter_min":"5","addedtocart_counter_max":"12","product_flash_sold_enable":true,"flash_sold_text_color":"#f03c07","flash_sold_text_font_size":"16px","flash_sold_font_style":"600","product_flash_sold_enable_demo_data":true,"flash_sold_min_qty":"10","flash_sold_max_qty":"15","flash_sold_min_time":"24","flash_sold_max_time":"24","multibuy_enable":true,"p_tag_emoji_flash":true,"p_tag_text_color":"#f03c07","p_tag_text_font_size":"16px","p_tag_font_style":"600","multibuy_counter_enable_demo_data":true,"multibuy_counter_min":20,"multibuy_counter_max":33,"multibuy_tag_text":"% of customers buy 2 or more","enable_countdown_timer":true,"countdown_timer_text":"Hurry, Offer Ends in:","countdown_timer_text_color":"#000000","countdown_timer_text_font_size":"34px","countdown_timer_text_font_style":"600","timer_model":"timer_model_3","top_reasons_display":false,"top_reasons_display_position":"right","reason_buy_text_align":"center","top_reasons_2_display":false,"top_reasons_3_display":false,"top_reasons_4_display":false,"top_reasons_5_display":false,"top_reasons_6_display":false,"enable_shipping_threshold":false,"national_country":"","national_shipping":"","international_shipping":"","free_shipping_currency_format":"no_decimals","cross_sell":false,"show_upsell_related_collection1":"uplift-sailing","show_upsell_related_collection2":"all","show_upsell_related_collection3":"","show_upsell_related_collection4":"","show_upsell_related_collection5":"","show_upsell_related_collection6":"all","show_upsell_related_collection7":"","show_upsell_related_collection8":"all","related_popup_heading":"You're Only XX Away From Unlocking Free Shipping","related_popup_heading_font_size":39,"related_popup_heading_font_color":"#000000","related_popup_heading_free_shipping":"You Have Qualified For Free Shipping","related_popup_text":"Customers also bought...","related_popup_text_font_size":20,"related_popup_text_font_color":"#000000","r_continue_shoping_color":"#3498db","r_continue_shoping_text_color":"#ffffff","r_view_cart_color":"#3498db","r_view_cart_text_color":"#ffffff","r_checkout_color":"#256f9f","r_checkout_text_color":"#ffffff","cart_disable_all_buttons":false,"enable_delivery_option":false,"delivery_start":"3","delivery_end":"5","cart_title_bg":"#f8f8f8","cart_title_font":"#2e2e2e","show_continue_browsing_button":true,"con_btn_bg":"#000000","con_btn_font":"#ffffff","con_btn_bg_hover":"#dddddd","con_bnt_font_hover":"#ffffff","cartcustom_text_visible":false,"cartcustom_text":"SAVE5NOW","percentage":"5%","cart_bottom_contact":false,"cart_help":false,"cart_help_page":"","cart_related":false,"cart_related_collection":"","showdiscountbox":true,"showloginbuttons":true,"cart_notes_enable":true,"cart_vendor_enable":false,"cart_shipping":false,"shipping_calculator_heading":"Get shipping estimates","shipping_calculator_default_country":"US","shipping_calculator_submit_button_label":"Calculate Shipping","shipping_calculator_submit_button_label_disabled":"Calculating...","cart_timer_enable":true,"cart_timer_title":"Cart will expire in","cart_timer_minute":1200,"cart_timer_color":"#f03c07","enable_cartstrip_text":false,"free_shipping_text_cart_page":"You're Only XX Away From Unlocking Free Shipping","free_shipping_text_free_cart_page":"You Have Qualified for Free Shipping","curreny_notice_show":false,"curreny_notice_1":"All orders are processed in","curreny_notice_2":". While the content of your cart is currently displayed in","curreny_notice_3":", you will checkout using","curreny_notice_4":"at the most current exchange rate.","shipping_estimation_1":"Order in the next","shipping_estimation_2":"to get it by","show_multiple_currencies":false,"currency_type":"default","fullwording":false,"show_currency_flag":true,"currency_format":"money_format","supported_currencies":"USD","default_currency":"USD","thankyou_page":"all-of-the-best-3d-printer-model-files-collections","thankyou_collection":"limited-edition-models-3d-printer-model-files","404_heading":"#3498db","404_heading_font_size":"64px","404_heading_font_style":"700","404_sub_heading":"#3498db","404_sub_heading_font_size":"24px","404_sub_heading_font_style":"700","404_text":"#000000","404_step_counter_bg":"#3498db","404_step_counter_text":"#ffffff","404_text_font_size":"20px","404_text_font_style":"400","404_page":"","404_page_title":"We can't find the page you requested (sorry)...","404_page_sub_title":"BUT don't fret... Here are 4 tips for finding it...","display_404_search_form":true,"search_form_head_text_404":"Search...","help_text_url_type":"<strong>If you typed in a URL...<\/strong> make sure the spelling, cApitALiZaTiOn, and punctuation are correct. Then try reloading the page.","help_text_speak":"<strong>Speak to one of our ridiculously helpful [insert your niche] Experts<\/strong> and they'll scour our product list for what you need (even if it's not on our website).","display_404_speak_image":false,"speak_to_image_link":"#","display_404_collections":true,"search_heading":"#f0723d","search_heading_font_size":"64px","search_heading_font_style":"700","search_sub_heading":"#f0723d","search_sub_heading_font_size":"24px","search_sub_heading_font_style":"700","search_text":"#000000","search_step_counter_bg":"#f0723d","search_step_counter_text":"#ffffff","search_text_font_size":"20px","search_text_font_style":"400","search_page":"","search_page_title":"We can't find what you're looking for (sorry)...","search_page_sub_title":"BUT don't fret... Here are 4 tips for finding it...","display_search_search_form":true,"search_form_head_text_search":"","search_help_text_url_type":"<strong>If you typed in a keyword...<\/strong> make sure the spelling, cApitALiZaTiOn, and punctuation are correct. Then try again.","search_help_text_speak":"","display_search_speak_image":false,"search_speak_to_image_link":"","display_search_collections":true,"exclude_search_collections":"","contact_page_title":"Email us using the contact form below:","help_text_contact":"You can also use the form below to send us any Custom Order Requests. Our favorite word is YES!","hidecontactfromcontact":false,"contact_availability":"24\/7 Sales and Support","contact_phone_1":"618 471-8266","contact_phone_2":"","contact_phone_3":"","contact_email":"sales@sethers.com","physical_mailing_address_lable":"","physical_mailing_address":"312 E. Wall St\nWorden, IL 62097","display_contact_form":true,"display_live_chat":false,"live_chat_url":"","display_faqs_link":false,"faq_page":"","marketing_hotjar":"","marketing_googleadwords":"","marketing_googlewebmaster":"","marketing_googletagmanager":"","marketing_bingwebmaster":"","marketing_convert":"","marketing_additionalone":"<!-- Google tag (gtag.js) -->\n<script async src=\"https:\/\/www.googletagmanager.com\/gtag\/js?id=G-PYCE1VN92Z\"><\/script>\n<script>\n  window.dataLayer = window.dataLayer || [];\n  function gtag(){dataLayer.push(arguments);}\n  gtag('js', new Date());\n\n  gtag('config', 'G-PYCE1VN92Z');\n<\/script>","code_placement_option_for_additionalone":"top","marketing_additionaltwo":"","code_placement_option_for_additionaltwo":"top","marketing_additionalthree":"","code_placement_option_for_additionalthree":"top","marketing_additionalfour":"","code_placement_option_for_additionalfour":"top","showtitle":true,"resizeimages":false,"display_review_star_collection":true,"collection_product_title_lines":3,"collectionproductfontmobile":"14px","collectionproductfontstylemobile":"400","collectionproductpricefontmobile":"12px","collectionproductpricefontstylemobile":"400","collectionproductpricecomparefontmobile":"12px","collectionproductpricecomparefontstylemobile":"400","collection_breadcrumb":true,"collection_tags":true,"collection_sort":true,"enable-filters":true,"products_per_row":"3","mobile_products_per_row":"2","collections_quickview":false,"disable_quickview_in_mobile":true,"product_display_second_image":false,"product_transitionn":"two","collections_products":false,"collectionlistingcount":"20","show_in_carousel":true,"collections_pagination_items":"48","collection_item_options_display":false,"collection_item_options_default_view":false,"collection_item_add_to_cart_display":true,"collection_item_options_style_circle":"Color|Colour","collection_item_options_style_circle_settings":"color","collection_item_options_style_square":"Material","collection_item_options_style_square_settings":"color","sort-dropdown-a-check":true,"filter_a_color":false,"filter1heading":"Color","sort_a":"Navy","sort-dropdown-b-check":true,"filter2heading":"Size","sort_b":"S, M, L,XL, XXL","sort-dropdown-c-check":true,"filter3heading":"Brand","sort_c":"Out From Under, Sands & Hall, Adidas, Shoptimized","enable_exitpopup":false,"exitpopup_heading":"20% off !","exitpopup_text":"When you complete your order in next:","discountcode":"Save20","exitdate":"27000","enable_topcbar":false,"topcbar_bg_color":"#3d3d3d","topcbar_text_color":"#ffffff","topcbar_code_color":"#f45a2b","enable_entrytpopup":false,"showlogopopup":true,"newsletter_popup_seconds":"10","newsletter_popup_days":"2","newsletter_popup_max_width":"600","entrypopup_heading":"Get <span>$100 Off<\/span>","entrypopup_text":"Your First Purchase <a href=\"javascript:;\">Over $3000<\/a>","entrydate":"27000","entrypopup_button":"Get $10","entrypopup_bottomtext":"<li>By clicking the button you'll<\/li>\n            \t<li>1) you'll confirm you're a genius<\/li>\n            \t<li>2) be kept in the loop about the latest gear and deals.<\/li>","checkmark_agree_text_color":"#000","newslatter_type":"","mailchimpURL":"","mailchimpUID":"","mailchimpID":"","newslatter_klaviyo_id":"","newslatter_heading":"Will you be our friend?","newslatter_text":"Become a <yourstorename> our friend and get 20% off your first order today. Plus we'll keep you up-to-date with the latest sales and promotions.<\/yourstorename>","newslatter_coupan":"Thanks for signing up!","coupan":"FT68LD435","newslatter_btn_text":"Submit","paypalbutton":true,"blog_posts_per_page":"12","blog_articles_per_row":"2","blogtitlesize":"38px","articletitlesize":"23px","articlecontentfont":"14px","readmorebuttonbg":"#000000","readmorebuttonTextcolor":"#ffffff","readmorebuttonTextfont":"20px","blog_breadcrumb":true,"blog_tags":true,"blog_author":true,"blog_date":false,"blog_comment_count":false,"sidebar_enabled":true,"blog_search":true,"blog_newsletter":true,"display_recent_articles":true,"blog_sidebar_tags":true,"blog_content_page":"","disqus_enabled":false,"disqus_shortname":"SHop","deal_of_the_day_enabled":false,"deal_of_the_day_start_date":"2021-06-24","deal_of_the_day_text":"DEAL OF THE DAY","deal_of_the_day_text_last":"ENDS IN","deal_of_the_day_progressbar_color":"#f53333","totalprogress":"#eaeeee","dealtimercolor":"#000000","enablebacktotop":true,"enablegeoip":true,"termscheck":false,"termstext":"I agree to subscribe to updates from <yourstorename><\/yourstorename>","termslinktext":"Privacy Policy","termstextlink":"","termstext_warning":"You must agree with the terms and conditions to Submit!","checkboxcolor":"#ffffff","free_shipping_text_model_popup":"Spend XX to Unlock Free Shipping","free_shipping_text_free_model_popup":"You Have Qualified for Free Shipping","lazyload":true,"checkout_logo_image":"shopify:\/\/shop_images\/sethers-buy-gifts-live-well.png","checkout_logo_position":"center","checkout_logo_size":"large","checkout_body_background_image":"","checkout_body_background_color":"#fff","checkout_input_background_color_mode":"white","checkout_sidebar_background_image":"","checkout_sidebar_background_color":"#fafafa","checkout_heading_font":"Helvetica Neue","checkout_body_font":"Helvetica Neue","checkout_accent_color":"#3498db","checkout_button_color":"#3498db","checkout_error_color":"#ff6d6d","stickycarticoncolor":"#000000","purchases_proof_bg_color":"#ffffff","video_embading":true,"noindex_enable":true,"quickview_font_size":"14px","quickview_font_style":"400","sectionheadingcolor":"#394439","collection_price_text_color":"#000","collection_compare_text_color":"#8b8b8b","text_color_mobile":"#000","search_icon_color":"#ffffff","usemetaimage":true,"header_linklist_1":"","header_linklist_2":"main-menu","enable_megamenu":false,"usegeneralsettingsformegamenu":false,"megamenu_default_link":false,"display_product_price":false,"megamenu_custom_link_enable":true,"megamenu_custom_link_1_text":"Upsell Pop-Up Demo","megamenu_custom_link_1_collection":"https:\/\/demo.shoptimized.net\/products\/real-girls-go-fishing-t-shirt","megamenu_custom_link_2_text":"Personalized Product Demo","megamenu_custom_link_2_collection":"https:\/\/demo.shoptimized.net\/products\/personalized-t-shirt","megamenu_custom_link_3_text":"Countdown Timer Demo","megamenu_custom_link_3_collection":"https:\/\/demo.shoptimized.net\/products\/never-underestimate-an-old-dude-with-a-surfboard-hoodie","megamenu_custom_link_4_text":"Multi-Buy Prompt Demo","megamenu_custom_link_4_collection":"https:\/\/demo.shoptimized.net\/products\/shoptimized-t-shirt","megamenu_custom_link_5_text":"Size Chart Demo","megamenu_custom_link_5_collection":"https:\/\/demo.shoptimized.net\/collections\/showcase-1\/products\/salt-water-soul-t-shirt","megamenu_custom_link_6_text":"Out of Stock Demo","megamenu_custom_link_6_collection":"https:\/\/demo.shoptimized.net\/collections\/necklaces\/products\/joursneige-natural-obsidian-pendant-with-bead-necklace-black-a-zodiac-dragon-fine-carving-mascot-amulet-lucky-for-men","megamenu_custom_link_7_text":"UpliftHero App Demo (Sold Separately)","megamenu_custom_link_7_collection":"https:\/\/demo.shoptimized.net\/collections\/uplift-sailing\/products\/uplift-hero-demo?variant=13151761399874","megamenu_custom_link_8_text":"All Products","megamenu_custom_link_8_collection":"https:\/\/demo.shoptimized.net\/collections\/all","megamenu_1_enable":true,"megamenu_1_icon_enable":true,"megamenu_1_text":"Mega Menu Demo","megamenu_1_default_collection":"basic-tees","megamenu_1_submenu_1_heading":"Dresses","megamenu_1_submenu_1":"dresses","megamenu_1_submenu_2_heading":"Tops","megamenu_1_submenu_2":"tops","megamenu_1_submenu_3_heading":"Bottoms","megamenu_1_submenu_3":"bottoms","megamenu_1_submenu_4_heading":"Intimates","megamenu_1_submenu_4":"intimates","megamenu_1_submenu_5_heading":"Swimware","megamenu_1_submenu_5":"swimware","megamenu_1_submenu_6_heading":"Jackets","megamenu_1_submenu_6":"jackets","megamenu_1_submenu_7_heading":"","megamenu_1_submenu_7":"","megamenu_1_submenu_8_heading":"","megamenu_1_submenu_8":"","megamenu_1_submenu_9_heading":"","megamenu_1_submenu_9":"","megamenu_2_enable":true,"megamenu_2_icon_enable":true,"megamenu_2_text":"Purchase Theme","megamenu_2_default_collection":"theme","megamenu_2_submenu_1_heading":"Purchase Theme","megamenu_2_submenu_1":"theme","megamenu_2_submenu_2_heading":"","megamenu_2_submenu_2":"","megamenu_2_submenu_3_heading":"","megamenu_2_submenu_3":"","megamenu_2_submenu_4_heading":"","megamenu_2_submenu_4":"","megamenu_2_submenu_5_heading":"","megamenu_2_submenu_5":"","megamenu_2_submenu_6_heading":"","megamenu_2_submenu_6":"","megamenu_2_submenu_7_heading":"","megamenu_2_submenu_7":"","megamenu_2_submenu_8_heading":"Submenu 8","megamenu_2_submenu_8":"","megamenu_2_submenu_9_heading":"Submenu 9","megamenu_2_submenu_9":"","megamenu_3_enable":false,"megamenu_3_icon_enable":false,"megamenu_3_text":"New Arrivals","megamenu_3_default_collection":"","megamenu_3_submenu_1_heading":"The Newest Gear","megamenu_3_submenu_1":"main-menu","megamenu_3_submenu_2_heading":"The Hottest Gear","megamenu_3_submenu_2":"","megamenu_3_submenu_3_heading":"Don't Miss","megamenu_3_submenu_3":"","megamenu_3_submenu_4_heading":"Costumes","megamenu_3_submenu_4":"footer","megamenu_3_submenu_5_heading":"Submenu 5","megamenu_3_submenu_5":"footer","megamenu_3_submenu_6_heading":"Submenu 6","megamenu_3_submenu_6":"","megamenu_3_submenu_7_heading":"Submenu 7","megamenu_3_submenu_7":"","megamenu_3_submenu_8_heading":"Submenu 8","megamenu_3_submenu_8":"","megamenu_3_submenu_9_heading":"Submenu 9","megamenu_3_submenu_9":"","megamenu_4_enable":false,"megamenu_4_icon_enable":false,"megamenu_4_text":"Deals","megamenu_4_default_collection":"","megamenu_4_submenu_1_heading":"What's on Sale","megamenu_4_submenu_1":"","megamenu_4_submenu_2_heading":"The Hottest Gear","megamenu_4_submenu_2":"main-menu","megamenu_4_submenu_3_heading":"Don't Miss","megamenu_4_submenu_3":"","megamenu_4_submenu_4_heading":"Costumes","megamenu_4_submenu_4":"","megamenu_4_submenu_5_heading":"Submenu 5","megamenu_4_submenu_5":"","megamenu_4_submenu_6_heading":"Submenu 6","megamenu_4_submenu_6":"","megamenu_4_submenu_7_heading":"Submenu 7","megamenu_4_submenu_7":"","megamenu_4_submenu_8_heading":"Submenu 8","megamenu_4_submenu_8":"","megamenu_4_submenu_9_heading":"Submenu 9","megamenu_4_submenu_9":"","megamenu_5_enable":false,"megamenu_5_icon_enable":false,"megamenu_5_text":"Exclusives","megamenu_5_default_collection":"","megamenu_5_submenu_1_heading":"What's Exclusive","megamenu_5_submenu_1":"footer","megamenu_5_submenu_2_heading":"The Hottest Gear","megamenu_5_submenu_2":"footer","megamenu_5_submenu_3_heading":"Don't Miss","megamenu_5_submenu_3":"","megamenu_5_submenu_4_heading":"Costumes","megamenu_5_submenu_4":"","megamenu_5_submenu_5_heading":"Submenu 5","megamenu_5_submenu_5":"","megamenu_5_submenu_6_heading":"Submenu 6","megamenu_5_submenu_6":"","megamenu_5_submenu_7_heading":"Submenu 7","megamenu_5_submenu_7":"","megamenu_5_submenu_8_heading":"Submenu 8","megamenu_5_submenu_8":"","megamenu_5_submenu_9_heading":"Submenu 9","megamenu_5_submenu_9":"","megamenu_6_enable":false,"megamenu_6_icon_enable":false,"megamenu_6_text":"Shop","megamenu_6_default_collection":"","megamenu_6_submenu_1_heading":"Womens Clothing","megamenu_6_submenu_1":"","megamenu_6_submenu_2_heading":"Mens Clothing","megamenu_6_submenu_2":"","megamenu_6_submenu_3_heading":"Don't Miss","megamenu_6_submenu_3":"","megamenu_6_submenu_4_heading":"Costumes","megamenu_6_submenu_4":"","megamenu_6_submenu_5_heading":"Submenu 5","megamenu_6_submenu_5":"","megamenu_6_submenu_6_heading":"Submenu 6","megamenu_6_submenu_6":"","megamenu_6_submenu_7_heading":"Submenu 7","megamenu_6_submenu_7":"","megamenu_6_submenu_8_heading":"Submenu 8","megamenu_6_submenu_8":"","megamenu_6_submenu_9_heading":"Submenu 9","megamenu_6_submenu_9":"","megamenu_7_enable":false,"megamenu_7_icon_enable":false,"megamenu_7_text":"Shop","megamenu_7_default_collection":"","megamenu_7_submenu_1_heading":"Womens Clothing","megamenu_7_submenu_1":"","megamenu_7_submenu_2_heading":"Mens Clothing","megamenu_7_submenu_2":"","megamenu_7_submenu_3_heading":"Don't Miss","megamenu_7_submenu_3":"","megamenu_7_submenu_4_heading":"Costumes","megamenu_7_submenu_4":"","megamenu_7_submenu_5_heading":"Submenu 5","megamenu_7_submenu_5":"","megamenu_7_submenu_6_heading":"Submenu 6","megamenu_7_submenu_6":"","megamenu_7_submenu_7_heading":"Submenu 7","megamenu_7_submenu_7":"","megamenu_7_submenu_8_heading":"Submenu 8","megamenu_7_submenu_8":"","megamenu_7_submenu_9_heading":"Submenu 9","megamenu_7_submenu_9":"","megamenu_8_enable":false,"megamenu_8_icon_enable":false,"megamenu_8_text":"Shop","megamenu_8_default_collection":"","megamenu_8_submenu_1_heading":"Womens Clothing","megamenu_8_submenu_1":"","megamenu_8_submenu_2_heading":"Mens Clothing","megamenu_8_submenu_2":"","megamenu_8_submenu_3_heading":"Don't Miss","megamenu_8_submenu_3":"","megamenu_8_submenu_4_heading":"Costumes","megamenu_8_submenu_4":"","megamenu_8_submenu_5_heading":"Submenu 5","megamenu_8_submenu_5":"","megamenu_8_submenu_6_heading":"Submenu 6","megamenu_8_submenu_6":"","megamenu_8_submenu_7_heading":"Submenu 7","megamenu_8_submenu_7":"","megamenu_8_submenu_8_heading":"Submenu 8","megamenu_8_submenu_8":"","megamenu_8_submenu_9_heading":"Submenu 9","megamenu_8_submenu_9":"","collection_item_options_hide_inaccessible":false,"footer_linklist_font_color":"#0ee52c","product_c_price_color":"#ff0000","product_c_price_font_size":"25px","product_c_price_font_style":"600","use_tags_to_display_quanitity":true,"total_quantity_value":"200","showyourprice":false,"productreview":"shopify_reviews","progress_bar_height":"5","show_related_products":true,"benifit_bullets":true,"option_error_in":true,"benifit_bullet_color":"#000","share_fancy":true,"product_hide_motivator_text":true,"informations_alert_highlighted_color":"#dd1e31","visitors_counter_text":"people are viewing this item","topreasons_display":true,"topreasons_display_position":"right","display_topreasons_counter":true,"display_topreasons_text":false,"topreasons_text":"Great reasons to buy from us:","topreasons_1_display":true,"topreasons_1":"Secure Ordering","topreasons_2_display":true,"topreasons_2":"365-Day Money-Back Guarantee","topreasons_3_display":true,"topreasons_3":"100% Satisfaction Guaranteed","topreasons_4_display":true,"topreasons_4":"Easy Returns","topreasons_5_display":true,"topreasons_5":"Free shipping (when you spend over XXX)","topreasons_6_display":false,"topreasons_6":"Free shipping (when you spend over XXX)","topreasons_7_display":false,"topreasons_7":"Free shipping (when you spend over XXX)","collectionproductfont":"15px","collectionproductfontstyle":"300","collectionproductcolor":"#414141","collectionproductpricefont":"15px","collectionproductpricefontstyle":"600","collectionproductpricecomparefont":"16px","collectionproductpricecomparefontstyle":"400","cart_topreasons_display":false,"checkout_use_storefront_logo":true,"share_google":true,"showinmobilemenu":true,"flash_sold_min_qty_2":"10","flash_sold_max_qty_2":"15","visitors_counter_enable_demo_data":true,"footer_guarantee_box_display":true,"guarantee_box_heading_text":"Unhappy With Your Product? We'll Take It Back!","guarantee_box_info_text":"We stand by our high-quality products and your satisfaction is 100% guaranteed.","use_page_preloader":false,"product_transition":false,"product_zoom_hover":false,"show_abbreviation":false,"sticky_font_family":"Oswald","footer_first_row_bg_color":"#f2f7f8","footer_first_row_font_color":"#6e797a","footer_first_row_font_size":"22px","footer_first_row_font_style":"400","footer_first_row_title_font_color":"#000000","footer_first_row_title_font_size":"16px","footer_first_row_title_font_style":"600","footer_first_row_display":true,"popup_enable":true,"popup_disable_mobile":true,"popup_randomly_collection":"socialproof-items","bottom_message":"purchased a","bottom_interval":"15","upsell_popup_enable":true,"free_product":"fishing-makes-me-happy-you-not-so-much-fishing-mug","upsell_headline_text":"Grab 2 & Get This Free Item","yes_button_text":"YES! I WANT THIS SPECIAL OFFER","no_button_text":"No Thanks, I Just Want One","quantity_upsell":"1","display_quantity_count_real":false,"zoommode":"inner","stickycartdisablemobile":false,"visitor_counter_enable":true,"visitor_counter_text_after":"Viewing This Product Right Now","visitor_counter_min":"3","visitor_counter_max":"16","enable_image_zoom":true,"show_recent_products":false,"recent_products_heading":"Recently Viewed","recent_products_number_of":"6","p_tag_enable":true,"p_tag_min_per":"81","p_tag_max_per":"94","p_tag_text":"of customers buy 2 or more","modeltimer3":"27000","enable_product_tabs":true,"enable_description_tab":true,"product_description_tab_heading":"Description","default_tab":"0","enable_shipping_tab":true,"shipping_tab_header":"Shipping","enable_country_flag":true,"shipping_text":"This Item Ships to","delivery_text":"Delivery","delivery_text_1":"Estimated between","delivery_cutoff":"16:00:00","delivery_off_days":"SUN","delivery_info_text":"Will usually ship within 1 business day.","enable_product_review":true,"show_reviews_seperate":false,"product_review_tab_heading":"Reviews","display_review_star_product":true,"enable_tab_1":true,"tab_1_heading":"Specification","tab_1_text":"Product tabs can be either universal or customized on a per product basis. You can also embed any imagery and videos here also.","enable_tab_2":true,"tab_2_heading":"Delivery and Returns","tab_2_text":"<p>\n<\/p><table width=\"100%\">\n<tbody>\n<tr>\n<td><img src=\"\/\/cdn.shopify.com\/s\/files\/1\/0981\/6784\/files\/shipping-times_small.png?15790463219331670855\"><\/td>\n <td>      <\/td>\n<td>\n<div><meta charset=\"utf-8\"><\/div>\n<p><b>Please allow 10 days for your order to arrive. <\/b>We source products from all over the world to bring you epic offers and the lowest prices. This means sometimes you have to wait a little longer to get your order but it's always worth it!<\/p>\n<\/td>\n<\/tr>\n<tr>\n<td><img src=\"\/\/cdn.shopify.com\/s\/files\/1\/0981\/6784\/files\/easy_returns_small.png?18284933676961159206\"><\/td>\n<td><\/td>\n<td>\n<div><meta charset=\"utf-8\"><\/div>\n<p><strong>Returns are easy<\/strong>, simply <a contact-us=\"\" target=\"_blank\" title=\"Contact Us\">contact us<\/a> for a returns number and send your item to our returns centre for fast processing. We'll get you a replacement or refund in a snap!<\/p>\n<\/td>\n<\/tr>\n<\/tbody>\n<\/table>","enable_tab_3":true,"tab_3_heading":"Why Buy From Us","tab_3_text":"<strong>Here are 5 more great reasons to buy from us:<\/strong><p><\/p>\n<table width=\"100%\">\n<tbody>\n<tr>\n<td><img src=\"\/\/cdn.shopify.com\/s\/files\/1\/1291\/3935\/t\/34\/assets\/topreasons_2_image.png?12523148787550420278\" alt=\"\"><\/td>\n<td>    <\/td>\n<td>\n<div><meta charset=\"utf-8\"><\/div>\n<p><strong>We Put Our Customers First<\/strong> to us. If it doesn't fit, it breaks, you've changed your mind or for no reason whatsoever simply send it back to us and we'll cheerfully refund you every cent.<\/p>\n<\/td>\n<\/tr>\n<tr>\n<td><img src=\"\/\/cdn.shopify.com\/s\/files\/1\/1291\/3935\/t\/34\/assets\/topreasons_4_image.png?17899245814651362506\" alt=\"\"><\/td>\n<td><\/td>\n<td>\n<div><meta charset=\"utf-8\"><\/div>\n<p><strong>Returns are easy<\/strong>, simply <a href=\"\/contact-us%22\" target=\"_blank\" title=\"Contact Us\">contact us<\/a> for a returns number and send your item to our returns centre for fast processing. We'll get you a replacement or refund in a snap!<\/p>\n<\/td>\n<\/tr>\n<tr>\n<td><img src=\"\/\/cdn.shopify.com\/s\/files\/1\/1291\/3935\/t\/34\/assets\/lowerst-price_5_image.png?10498302683113658376\" alt=\"\"><\/td>\n<td><\/td>\n<td>\n<div><meta charset=\"utf-8\"><\/div>\n<p><strong>In the unlikely event that you find your item cheaper at another online store<\/strong>, just let us know and we'll beat the competitor's pricing hands-down.<\/p>\n<\/td>\n<\/tr>\n<tr>\n<td><img src=\"\/\/cdn.shopify.com\/s\/files\/1\/1291\/3935\/t\/34\/assets\/topreasons_3_image.png?1230583278367123527\" alt=\"\"><\/td>\n<td><\/td>\n<td>\n<div><meta charset=\"utf-8\"><\/div>\n<p><strong>We insist that you love everything you buy from us<\/strong>. If you're unhappy for any reason whatsoever, just let us know and we'll bend over backwards to make things right again.<\/p>\n<\/td>\n<\/tr>\n<tr>\n<td><img src=\"\/\/cdn.shopify.com\/s\/files\/1\/1291\/3935\/t\/34\/assets\/topreasons_1_image.png?1230583278367123527\" alt=\"\"><\/td>\n<td><\/td>\n<td>\n<div><meta charset=\"utf-8\"><\/div>\n<strong>Ordering from Shoptimized is 100% safe and secure<\/strong> so you can rest easy. Your personal details are never shared, sold or rented to anyone either.<\/td>\n<\/tr>\n<\/tbody>\n<\/table>\n<p><\/p>\n<p style=\"padding-left: 30px;\"><\/p>","enable_tab_4":false,"tab_4_heading":"Other 1","tab_4_text":"OTHER 1","enable_tab_5":false,"tab_5_heading":"Other 2","tab_5_text":"OTHER 2","imagewidth":"200","collection_height":"500","free_shipping_text":"You're Only XX From Unlocking Free Shipping","free_shipping_text_free":"Sweet! You’ve Unlocked Free Shipping","display_track_form":true,"deal_of_the_day_product_text":"DEAL OF THE DAY ENDS IN","usingmailchimp":true,"mailchimpformurl":"","klaviyoform":false,"klaviyoID":"","klaviyohtml":"","newslatter_mailchimp_url":"","cart_logo":true,"sticky_cart_icon":"yes","ajax_cart_method":"drawer","blogbuttoncolor":"#ffffff","blogbuttoncolorhover":"#ffffff","blogbuttoncolortext":"#000000","blogbuttoncolortexthover":"#000000","related_popup_heading_font_family":"Arial","related_popup_text_font_family":"Arial","strip_link_bg_color":"#9a6262","social_sharing_count":false,"social_sharing_style":"","footer_bg_color":"#000000","upsell_related_collection1":"","upsell_related_collection2":"","upsell_related_collection3":"","upsell_related_collection4":"","upsell_related_collection5":"","upsell_related_collection6":"","upsell_related_collection7":"","upsell_related_collection8":"","upsell_related_collection":"sailing","show_upsell_related_collection":"sailing","cartbuttonsticky":"true","strip_font_family":"Arial","cart_popup_text":"Free shipping when you spend over $99","strip_line_height":"40","poweredby":true,"newslatter_use_mailchimp":false,"termstextcontactm":"I agree to subscribe to all updates from Shoptimized","termscheckcontact":true,"termstextcontact":"Agree for terms and conditions.","termscheckentry":true,"termstextentry":"Agree for terms and conditions.","header_phone_number_prompt_font_color":"#868686","stickyheadermobile":true,"strip_link_hover_bg_color":"#89ba44","enable_banner_top":false,"sale_icon_link":"\/collection","color_borders":"#dddcdc","footer_video_bg_color":"#ffffff","footer_video_font_color":"#000000","footer_video_font_size":"15px","footer_video_font_style":"400","footer_video_title_color":"#f0723d","footer_video1_title_font_size":"28px","footer_video1_title_font_style":"600","footer_video2_title_font_size":"28px","footer_video2_title_font_style":"600","footer_video_display":true,"video1_title":"Theme Walkthrough","video1_iframe":"<iframe src=\"https:\/\/player.vimeo.com\/video\/219660222\" allowfullscreen=\"\"><\/iframe>","video1_caption":"Use captions to call-out the main benefits of watching the video.","video2_title":"How to Increase Your Store's Conversions","video2_iframe":"<iframe src=\"https:\/\/player.vimeo.com\/video\/171778210\" allowfullscreen><\/iframe>","video2_caption":"Use captions to reinforce benefits of your store or products.","footer_review_bg_color":"#ffffff","footer_quotation_mark_color":"#000000","footer_review_font_color":"#000000","footer_review_font_size":"17px","footer_review_title_color":"#f0723d","footer_review_title_font_size":"22px","footer_review_title_font_style":"600","footer_review_display":true,"footer_review_title":"Don't Take Our Word For it! Here's What Our Customers Think:","footer_review_1_text":"Put a compelling review here that talks-up your site or products","footer_review_1_user_text":"Joe Bloggs","footer_review_2_text":"Put a compelling review here that talks-up your site or products","footer_review_2_user_text":"Bob Sinclair","footer_review_3_text":"Put a compelling review here that talks-up your site or products","footer_review_3_user_text":"Dante Thomas","enable_header_strapline":"false","logo_strip_font_color":"#000000","logo_strip_font_family":"Arial","logo_strip_font_size":"14px","logo_strip_font_style":"400","logo_strip_line_height":"14","header_strapline_text":"Turn More Clicks Into Customers","enable_sticky_header":false,"minimal_sticky_header":true,"enable_sticky_header_mobile":true,"bottom_sticky_cart":true,"collections_left_side":true,"home_content_bg_color":"#ffffff","home_content_font_color":"#000000","home_content_font_size":"17px","home_content_title_color":"#cc6633","home_content_title_font_size":"22px","home_content_title_font_style":"600","homepage_page_1_display_title":true,"homepage_page_1":"","homepage_page_2_display_title":true,"homepage_page_2":"","home_featured_bg_color":"#ffffff","home_featured_font_color":"#000000","home_featured_title_color":"#cc6633","home_featured_title_font_size":"22px","home_featured_title_font_style":"600","featuredproducts_title":"Apparel","featuredproducts_collection":"","product_to_display":"6","home_carousel_bg_color":"#ffffff","home_carousel_font_color":"#000000","home_carousel_title_color":"#cc6633","home_carousel_title_font_size":"22px","home_carousel_title_font_style":"600","productscarousel_title":"Necklaces","productscarousel_collection":"","productscarousel_product_to_display":"6","home_promotion_bg_color":"#ffffff","home_promotion_font_color":"#000000","home_promotion_font_size":"25px","home_promotion_font_style":"400","home_promotion_title_color":"#cc6633","home_promotion_title_font_size":"42px","home_promotion_title_font_style":"600","home_promotion_hash_color":"#cc6633","home_promotion_hash_font_size":"30px","home_promotion_hash_font_style":"600","showallproducthome":"on","selectedcollectionli":"","newsletter_popup":true,"newsletter_popup_form":true,"newsletter_popup_page":"entry-popup","enable_quick_buy_cart_skip":"true","enable_product_cart_skip":false,"slider_heading_color":"#ff0000","slider_headings_size":"30","slider_headings_font_weight":"bold","slider_subheading_color":"#3e2e2e","slider_subheadings_size":"24","slider_subheadings_font_weight":"bold","slider_text_shadow":"true","slider_button_bg_color":"#ff0000","slider_button_font_color":"#ffffff","slider_button_hover_bg_color":"#b13232","slider_button_hover_font_color":"#ffffff","slider_button_size":"20","slider_button_font_weight":"bold","enabled_slideshow":"true","enabled_slideshow_in_mobile":"false","slideshow_animation":"fade","slideshow_full_width":"false","slideshow_arrows":"true","slideshow_speed":"10","video_slide_embed_code":"","video_max_width":"set","video_max_width_px":"","video_slide_position":"1","slide_1_enabled":"true","slide_1_alt_text":"","slide_1_heading":"Test This Out","slide_1_subheading":"Testing the Subhead","slide_1_text_align":"center","slide_1_text_align_v":"bottom","slide_1_button_text":"","slide_1_link":"","slide_2_enabled":"true","slide_2_alt_text":"","slide_2_heading":"","slide_2_subheading":"","slide_2_text_align":"right","slide_2_text_align_v":"bottom","slide_2_button_text":"","slide_2_link":"","slide_3_enabled":"true","slide_3_alt_text":"","slide_3_heading":"","slide_3_subheading":"","slide_3_text_align":"center","slide_3_text_align_v":"top","slide_3_button_text":"","slide_3_link":"","slide_4_enabled":"true","slide_4_alt_text":"","slide_4_heading":"","slide_4_subheading":"","slide_4_text_align":"left","slide_4_text_align_v":"top","slide_4_button_text":"","slide_4_link":"","slide_5_enabled":"true","slide_5_alt_text":"","slide_5_heading":"","slide_5_subheading":"","slide_5_text_align":"left","slide_5_text_align_v":"top","slide_5_button_text":"","slide_5_link":"","slide_6_enabled":"false","slide_6_alt_text":"","slide_6_heading":"","slide_6_subheading":"","slide_6_text_align":"left","slide_6_text_align_v":"top","slide_6_button_text":"","slide_6_link":"","position_2":"7","position_3":"0","position_4":"3","position_5":"4","position_6":"5","position_7":"6","position_8":"0","home_review_bg_color":"#ffffff","quotation_mark_color":"#000000","home_review_font_color":"#000000","home_review_font_size":"17px","home_review_title_color":"#f0723d","home_review_title_font_size":"22px","home_review_title_font_style":"600","review_title":"Don't Just Take Our Word For it! Here's What Our Customers Think:","review_1_text":"Put a compelling review here that talks-up your site or products","review_1_user_text":"Joe Bloggs","review_2_text":"Put a compelling review here that talks-up your site or products","review_2_user_text":"Jenny Smith","review_3_text":"Put a compelling review here that talks-up your site or products","review_3_user_text":"Bob Sinclair","home_marketing_bg_color":"#ffffff","marketing1_link":"#","marketing2_link":"#","marketing3_link":"#","marketing4_link":"","promotion_title":"Want to Win Cool Prizes?","promotion_hashtag":"#HASHTAG","promotion_moretext":"Take a selfie with our product and email it to happytohelp@yourdomain.com to win!","promotion_image1_display":true,"promotion_image2_display":true,"promotion_image3_display":true,"promotion_image4_display":true,"promotion_image5_display":false,"promotion_image6_display":false,"promotion_image7_display":false,"promotion_image8_display":false,"promotion_image9_display":false,"promotion_image10_display":false,"promotion_image11_display":false,"promotion_image12_display":false,"promotion_image13_display":false,"promotion_image14_display":false,"promotion_image15_display":false,"read_more_link":"true","blog_additional_articles":"true","slideshow_article_enabled":"true","slideshow_article_darken":"false","exitpopup_action":"","show-all-product-home":"on","selected_collection_li":"activewear","strip_carttext":"Free shipping when you spent over $99","strip_cart_bg_color":"#627f9a","strip_cart_color":"#a7a7a7","strip_cart_hover_bg_color":"#ffffff","strip_cart_hover_color":"#ffffff","collections_pagination":true,"product_review_tab_position":"0","slider_subheadings_weight":"normal","slider_banner_color":"#ffffff","product_disposition_style":"product_disposition_style_two","visitor_counter_text_before":"Real Time","megamenu_1_submenu_10_heading":"Submenu 10","megamenu_1_submenu_10":"main-menu","megamenu_1_custom_link_1_text":"Gift Cards","megamenu_1_custom_link_1_collection":"frontpage","megamenu_1_custom_link_2_text":"Free Gift","megamenu_1_custom_link_2_collection":"frontpage","megamenu_1_custom_link_3_text":"Custom Link 3","megamenu_1_custom_link_3_collection":"frontpage","megamenu_1_custom_link_4_text":"Custom Link 4","megamenu_1_custom_link_4_collection":"frontpage","megamenu_1_custom_link_5_text":"Custom Link 5","megamenu_1_custom_link_5_collection":"frontpage","megamenu_2_submenu_10_heading":"Submenu 10","megamenu_2_submenu_10":"","megamenu_2_custom_link_1_text":"Top Sellers","megamenu_2_custom_link_1_collection":"","megamenu_2_custom_link_2_text":"Free Gift","megamenu_2_custom_link_2_collection":"","megamenu_2_custom_link_3_text":"Custom Link 3","megamenu_2_custom_link_3_collection":"","megamenu_2_custom_link_4_text":"Custom Link 4","megamenu_2_custom_link_4_collection":"","megamenu_2_custom_link_5_text":"Custom Link 5","megamenu_2_custom_link_5_collection":"","megamenu_3_submenu_10_heading":"Submenu 10","megamenu_3_submenu_10":"","megamenu_3_custom_link_1_text":"Top Sellers","megamenu_3_custom_link_1_collection":"","megamenu_3_custom_link_2_text":"Free Gift","megamenu_3_custom_link_2_collection":"","megamenu_3_custom_link_3_text":"Custom Link 3","megamenu_3_custom_link_3_collection":"","megamenu_3_custom_link_4_text":"Custom Link 4","megamenu_3_custom_link_4_collection":"","megamenu_3_custom_link_5_text":"Custom Link 5","megamenu_3_custom_link_5_collection":"","megamenu_4_submenu_10_heading":"Submenu 10","megamenu_4_submenu_10":"","megamenu_4_custom_link_1_text":"Top Sellers","megamenu_4_custom_link_1_collection":"","megamenu_4_custom_link_2_text":"Free Gift","megamenu_4_custom_link_2_collection":"","megamenu_4_custom_link_3_text":"Custom Link 3","megamenu_4_custom_link_3_collection":"","megamenu_4_custom_link_4_text":"Custom Link 4","megamenu_4_custom_link_4_collection":"","megamenu_4_custom_link_5_text":"Custom Link 5","megamenu_4_custom_link_5_collection":"","megamenu_5_submenu_10_heading":"Submenu 10","megamenu_5_submenu_10":"","megamenu_5_custom_link_1_text":"Top Sellers","megamenu_5_custom_link_1_collection":"","megamenu_5_custom_link_2_text":"Free Gift","megamenu_5_custom_link_2_collection":"","megamenu_5_custom_link_3_text":"Custom Link 3","megamenu_5_custom_link_3_collection":"","megamenu_5_custom_link_4_text":"Custom Link 4","megamenu_5_custom_link_4_collection":"","megamenu_5_custom_link_5_text":"Custom Link 5","megamenu_5_custom_link_5_collection":"","enable_timer_model":"timer_model1","sale_button_option_one_color":"","sale_button_option__text_one_color":"#fff","buy_button_color":"","buy_button_text_color":"#fff","cart_enable":false,"cart_title":"","search_form_head_text":"","speak_to_search_image_link":"","product_hide_tabs":false,"product_hide_description_tab":false,"product_hide_tab_1":false,"product_tab_1_heading":"SPECIFICATION","product_tab_1_text":"","product_hide_tab_2":false,"product_tab_2_heading":"DELIVERY AND RETURNS","product_tab_2_text":"","product_hide_tab_3":false,"product_tab_3_heading":"WHY BUY FROM US","product_tab_3_text":"","product_hide_tab_4":false,"product_tab_4_heading":"OTHER 1","product_tab_4_text":"","product_hide_tab_5":false,"product_tab_5_heading":"OTHER 2","product_tab_5_text":"","enable_timer_stg_on":"enable_timer_stg_on","enable_timer_top_message":false,"timer_top_message_value_before":"HURRY! ONLY [num] LEFT!","timer_top_message_value_num":0,"timer_top_message_value_after":"LEFT!","variant_on_mobile":true,"progress_bar_timer_bg_color":"#f0723d","add_to_cart_text_color":"#ffffff","counter_visitor_bg":"#f2f2f2","counter_visitor_color":"#636363","footer_reviews_bg_color":"#ffffff","footer_reviews_font_color":"#000000","footer_font_size":"12px","home_contant_bg_color_1":"#ffffff","home_contant_font_color_1":"#000000","home_contant_bg_color_2":"#ffffff","home_contant_font_color_2":"#000000","home_carousel2_bg_color":"#ffffff","home_carousel2_font_color":"#000000","footer_font_color":"#ffffff","footer_phone_font_color":"#ffffff","footer_first_row_head_font_size":"15px","home_marketing_font_color":"#000000","home_review_full_width":"1","topbar_font_size":"14px","strapline_font_color":"#262626","use_google_font":false,"topbar_bg_color":"#FAFAFA","topbar_text_color":"#000000","topbar_link_bg_color":"#FAFAFA","topbar_link_color":"#000000","topbar_link_hover_bg_color":"#f0723d","topbar_hover_link_color":"#FFFFFF","topbar_linklist":"","enable_topbar_text":true,"topbar_text":"Add call-to-action text or link goes here","topbar_url":"#","question_line_font_color":"#868686","time_font_color":"#868686","header_bg":"#44d37a","menu_color_primary":"#204a80","menu_other_color_primary":"#204a80","home_product_bg_color":"","color_footer_bg":"#f2f2f2","color_footer_text":"#636363","color_footer_share_icon":"#ED1C24","header_strip":false,"header_strip_bg":"","header_strip_color":"","header_strip_text":"","buttom_message":"","popup_message":"","popup_product_title_olor":"","not_button_text":"","upsell_popup_color":"","upsell_headline_color":"","button_yes_color":"","button_no_color":"","slider_enable1":false,"slider_enable2":false,"slider_enable3":false,"slider_enable4":false,"home_products":"","sorting_enable":false,"product_per_row":"","products_per_page":false,"filter_by_tags":false,"ProgressBar_bg_color":"","ProgressBar_timer_bg_color":"","enable_timer_stg":"enable_timer_stg_2","enable_timer_stg_custom":0,"footer_above_enable":false,"footer_above_header1":"","footer_above_text1":"","footer_above_header2":"","footer_above_text2":"","footer_social_enable":true,"footer-4-heading":"","footer-4-content":"","footer":"","footer-1":"","footer-2":"","social_twitter_link":"","social_facebook_link":"","social_youtube_link":"","social_instagram_link":"","footer_newsletter_enable":true,"newsletter_form_action":"","footer_show_methods_of_payment":"","pay_visa":false,"pay_master":false,"pay_american_express":false,"pay_paypal":false,"pay_diners_club":"","pay_discover":"","buttom-footer-4-heading":"","buttom-footer-4-content":"","twittercard_handle":"","use_retina_images":false,"megamenu_enable":false,"header_promo":false,"menu_font_family":"Arial","description_font_family":"Arial","title_font_family":"Arial","button_font_family":"Arial","body_font_family":"Arial","cart_button_bg":"","cart_button_color":"","sections":{"header":{"type":"header","blocks":{"7a82fd20-6247-47c1-ae9f-961a1c70ea18":{"type":"Mega-Menu","settings":{"megamenu_1_enable":true,"megamenu_1_enable_mob":true,"hide_sub_menu":false,"hide_sub_menu_titles":false,"megamenu_1_collection":false,"collection_grid_font_size":"17px","collection_grid_font_style":"400","collection_grid_font_color":"","megamenu_1_linkcollection":"","megamenu_1_icon_enable":true,"title":"Shop All","megamenulink":"","megamenu_1_default_collection":"","megamenu_1_submenu_1_heading":"Womens Clothing","megamenu_1_submenu_1_heading_link":"","megamenu_1_submenu_1":"","megamenu_1_submenu_2_heading":"Mens Clothing","megamenu_1_submenu_2_heading_link":"","megamenu_1_submenu_2":"","megamenu_1_submenu_3_heading":"Don't Miss","megamenu_1_submenu_3_heading_link":"","megamenu_1_submenu_3":"","megamenu_1_submenu_4_heading":"Costumes","megamenu_1_submenu_4_heading_link":"","megamenu_1_submenu_4":"","megamenu_1_submenu_5_heading":"Submenu 5","megamenu_1_submenu_5_heading_link":"","megamenu_1_submenu_5":"","megamenu_1_submenu_6_heading":"Submenu 6","megamenu_1_submenu_6_heading_link":"","megamenu_1_submenu_6":"","megamenu_1_submenu_7_heading":"Submenu 7","megamenu_1_submenu_7_heading_link":"","megamenu_1_submenu_7":"","megamenu_1_submenu_8_heading":"Submenu 8","megamenu_1_submenu_8_heading_link":"","megamenu_1_submenu_8":"","megamenu_1_submenu_9_heading":"Submenu 9","megamenu_1_submenu_9_heading_link":"","megamenu_1_submenu_9":""}},"09c88e3a-473f-4f5e-af28-5233f5c37352":{"type":"Mega-Menu","disabled":true,"settings":{"megamenu_1_enable":true,"megamenu_1_enable_mob":true,"hide_sub_menu":false,"hide_sub_menu_titles":false,"megamenu_1_collection":false,"collection_grid_font_size":"17px","collection_grid_font_style":"400","collection_grid_font_color":"","megamenu_1_linkcollection":"","megamenu_1_icon_enable":false,"title":"Home Decor","megamenulink":"","megamenu_1_default_collection":"","megamenu_1_submenu_1_heading":"Womens Clothing","megamenu_1_submenu_1_heading_link":"","megamenu_1_submenu_1":"","megamenu_1_submenu_2_heading":"Mens Clothing","megamenu_1_submenu_2_heading_link":"","megamenu_1_submenu_2":"","megamenu_1_submenu_3_heading":"Don't Miss","megamenu_1_submenu_3_heading_link":"","megamenu_1_submenu_3":"","megamenu_1_submenu_4_heading":"Costumes","megamenu_1_submenu_4_heading_link":"","megamenu_1_submenu_4":"","megamenu_1_submenu_5_heading":"Submenu 5","megamenu_1_submenu_5_heading_link":"","megamenu_1_submenu_5":"","megamenu_1_submenu_6_heading":"Submenu 6","megamenu_1_submenu_6_heading_link":"","megamenu_1_submenu_6":"","megamenu_1_submenu_7_heading":"Submenu 7","megamenu_1_submenu_7_heading_link":"","megamenu_1_submenu_7":"","megamenu_1_submenu_8_heading":"Submenu 8","megamenu_1_submenu_8_heading_link":"","megamenu_1_submenu_8":"","megamenu_1_submenu_9_heading":"Submenu 9","megamenu_1_submenu_9_heading_link":"","megamenu_1_submenu_9":""}},"87eb7e92-dd0a-40b0-a0e9-1df91b1916b5":{"type":"Mega-Menu","disabled":true,"settings":{"megamenu_1_enable":true,"megamenu_1_enable_mob":true,"hide_sub_menu":false,"hide_sub_menu_titles":false,"megamenu_1_collection":false,"collection_grid_font_size":"17px","collection_grid_font_style":"400","collection_grid_font_color":"","megamenu_1_linkcollection":"","megamenu_1_icon_enable":true,"title":"Apparel","megamenulink":"","megamenu_1_default_collection":"","megamenu_1_submenu_1_heading":"Womens Apparel","megamenu_1_submenu_1_heading_link":"","megamenu_1_submenu_1":"","megamenu_1_submenu_2_heading":"Mens Apparel","megamenu_1_submenu_2_heading_link":"","megamenu_1_submenu_2":"","megamenu_1_submenu_3_heading":"Patriotic Apparel","megamenu_1_submenu_3_heading_link":"","megamenu_1_submenu_3":"","megamenu_1_submenu_4_heading":"Holiday Apparel","megamenu_1_submenu_4_heading_link":"","megamenu_1_submenu_4":"","megamenu_1_submenu_5_heading":"Military Style Apparel","megamenu_1_submenu_5_heading_link":"","megamenu_1_submenu_5":"","megamenu_1_submenu_6_heading":"Limited Edition Apparel","megamenu_1_submenu_6_heading_link":"","megamenu_1_submenu_6":"","megamenu_1_submenu_7_heading":"Submenu 7","megamenu_1_submenu_7_heading_link":"","megamenu_1_submenu_7":"","megamenu_1_submenu_8_heading":"Submenu 8","megamenu_1_submenu_8_heading_link":"","megamenu_1_submenu_8":"","megamenu_1_submenu_9_heading":"Submenu 9","megamenu_1_submenu_9_heading_link":"","megamenu_1_submenu_9":""}},"8639ee36-5883-48fc-98ec-63948743b4d4":{"type":"Mega-Menu","settings":{"megamenu_1_enable":true,"megamenu_1_enable_mob":true,"hide_sub_menu":false,"hide_sub_menu_titles":false,"megamenu_1_collection":false,"collection_grid_font_size":"17px","collection_grid_font_style":"600","collection_grid_font_color":"","megamenu_1_linkcollection":"","megamenu_1_icon_enable":true,"title":"Books","megamenulink":"","megamenu_1_default_collection":"","m_1_s_1_i":"shopify:\/\/shop_images\/Sethers-Bookstore-Social-Share.png","megamenu_1_submenu_1_heading":"Rare | Limited Edition | Books","megamenu_1_submenu_1_heading_link":"","megamenu_1_submenu_1":"","megamenu_1_submenu_2_heading":"Signed | Autographed | Books","megamenu_1_submenu_2_heading_link":"","megamenu_1_submenu_2":"","megamenu_1_submenu_3_heading":"Don't Miss","megamenu_1_submenu_3_heading_link":"","megamenu_1_submenu_3":"","megamenu_1_submenu_4_heading":"Costumes","megamenu_1_submenu_4_heading_link":"","megamenu_1_submenu_4":"","megamenu_1_submenu_5_heading":"Submenu 5","megamenu_1_submenu_5_heading_link":"","megamenu_1_submenu_5":"","megamenu_1_submenu_6_heading":"Submenu 6","megamenu_1_submenu_6_heading_link":"","megamenu_1_submenu_6":"","megamenu_1_submenu_7_heading":"Submenu 7","megamenu_1_submenu_7_heading_link":"","megamenu_1_submenu_7":"","megamenu_1_submenu_8_heading":"Submenu 8","megamenu_1_submenu_8_heading_link":"","megamenu_1_submenu_8":"","megamenu_1_submenu_9_heading":"Submenu 9","megamenu_1_submenu_9_heading_link":"","megamenu_1_submenu_9":""}},"e54b6bf2-fa68-472d-8acf-681ea8cc3c9f":{"type":"Mega-Menu","disabled":true,"settings":{"megamenu_1_enable":true,"megamenu_1_enable_mob":true,"hide_sub_menu":false,"hide_sub_menu_titles":false,"megamenu_1_collection":false,"collection_grid_font_size":"17px","collection_grid_font_style":"400","collection_grid_font_color":"","megamenu_1_linkcollection":"","megamenu_1_icon_enable":true,"title":"Gifts","megamenulink":"","megamenu_1_default_collection":"","megamenu_1_submenu_1_heading":"Womens Clothing","megamenu_1_submenu_1_heading_link":"","megamenu_1_submenu_1":"","megamenu_1_submenu_2_heading":"Mens Clothing","megamenu_1_submenu_2_heading_link":"","megamenu_1_submenu_2":"","megamenu_1_submenu_3_heading":"Don't Miss","megamenu_1_submenu_3_heading_link":"","megamenu_1_submenu_3":"","megamenu_1_submenu_4_heading":"Costumes","megamenu_1_submenu_4_heading_link":"","megamenu_1_submenu_4":"","megamenu_1_submenu_5_heading":"Submenu 5","megamenu_1_submenu_5_heading_link":"","megamenu_1_submenu_5":"","megamenu_1_submenu_6_heading":"Submenu 6","megamenu_1_submenu_6_heading_link":"","megamenu_1_submenu_6":"","megamenu_1_submenu_7_heading":"Submenu 7","megamenu_1_submenu_7_heading_link":"","megamenu_1_submenu_7":"","megamenu_1_submenu_8_heading":"Submenu 8","megamenu_1_submenu_8_heading_link":"","megamenu_1_submenu_8":"","megamenu_1_submenu_9_heading":"Submenu 9","megamenu_1_submenu_9_heading_link":"","megamenu_1_submenu_9":""}},"a21c0e82-8ca2-4c11-abe4-66970728cda8":{"type":"Mega-Menu","disabled":true,"settings":{"megamenu_1_enable":true,"megamenu_1_enable_mob":true,"hide_sub_menu":false,"hide_sub_menu_titles":false,"megamenu_1_collection":false,"collection_grid_font_size":"14px","collection_grid_font_style":"400","collection_grid_font_color":"","megamenu_1_linkcollection":"","megamenu_1_icon_enable":true,"title":"Office Decor","megamenulink":"","megamenu_1_default_collection":"","megamenu_1_submenu_1_heading":"Womens Clothing","megamenu_1_submenu_1_heading_link":"","megamenu_1_submenu_1":"","megamenu_1_submenu_2_heading":"Mens Clothing","megamenu_1_submenu_2_heading_link":"","megamenu_1_submenu_2":"","megamenu_1_submenu_3_heading":"Don't Miss","megamenu_1_submenu_3_heading_link":"","megamenu_1_submenu_3":"","megamenu_1_submenu_4_heading":"Costumes","megamenu_1_submenu_4_heading_link":"","megamenu_1_submenu_4":"","megamenu_1_submenu_5_heading":"Submenu 5","megamenu_1_submenu_5_heading_link":"","megamenu_1_submenu_5":"","megamenu_1_submenu_6_heading":"Submenu 6","megamenu_1_submenu_6_heading_link":"","megamenu_1_submenu_6":"","megamenu_1_submenu_7_heading":"Submenu 7","megamenu_1_submenu_7_heading_link":"","megamenu_1_submenu_7":"","megamenu_1_submenu_8_heading":"Submenu 8","megamenu_1_submenu_8_heading_link":"","megamenu_1_submenu_8":"","megamenu_1_submenu_9_heading":"Submenu 9","megamenu_1_submenu_9_heading_link":"","megamenu_1_submenu_9":""}}},"block_order":["7a82fd20-6247-47c1-ae9f-961a1c70ea18","09c88e3a-473f-4f5e-af28-5233f5c37352","87eb7e92-dd0a-40b0-a0e9-1df91b1916b5","8639ee36-5883-48fc-98ec-63948743b4d4","e54b6bf2-fa68-472d-8acf-681ea8cc3c9f","a21c0e82-8ca2-4c11-abe4-66970728cda8"],"settings":{"enable_megamenu":false,"display_product_price":true,"header_linklist_1":"main-menu","header_linklist_2":"","megamenu_custom_link_enable":false,"megamenu_custom_link_1_text":"","megamenu_custom_link_1_collection":"","megamenu_custom_link_2_text":"","megamenu_custom_link_2_collection":"","megamenu_custom_link_3_text":"","megamenu_custom_link_3_collection":"","megamenu_custom_link_4_text":"","megamenu_custom_link_4_collection":"","megamenu_custom_link_5_text":"","megamenu_custom_link_5_collection":"","megamenu_custom_link_6_text":"","megamenu_custom_link_6_collection":"","megamenu_custom_link_7_text":"","megamenu_custom_link_7_collection":"","megamenu_custom_link_8_text":"","megamenu_custom_link_8_collection":""}},"footer":{"type":"footer","settings":{}},"product-template":{"type":"product-template","settings":{"enable_product_tabs":true,"tabs_location":"tabs_below_images","default_tab":"0","enable_description_tab":true,"description_tab_heading":"Description","description_location":"in_tabs","enable_shipping_tab":true,"shipping_tab_header":"Shipping","shipping_tab_shipping_label":"Shipping","shipping_tab_shipping_text":"This item ships to {country}","enable_country_flag":true,"enable_delivery_option":true,"shipping_tab_delivery_label":"Delivery","shipping_tab_delivery_estimate_text":"Estimated between {start_date} and {end_date}.","shipping_tab_delivery_information_text":"Will usually ship within 1 business day.","delivery_start":"10","delivery_end":"15","delivery_cut_off":"16:00:00","delivery_off_days":"SAT SUN","shipping_tab_text":"<p>\n<\/p><table width=\"100%\">\n<tbody>\n<tr>\n<td><img src=\"\/\/cdn.shopify.com\/s\/files\/1\/0981\/6784\/files\/shipping-times_small.png?15790463219331670855\"><\/td>\n <td>      <\/td>\n<td>\n<div><meta charset=\"utf-8\"><\/div>\n<p><b>Please allow 10 days for your order to arrive. <\/b>We source products from all over the world to bring you epic offers and the lowest prices. This means sometimes you have to wait a little longer to get your order but it's always worth it!<\/p>\n<\/td>\n<\/tr>\n<tr>\n<td><img src=\"\/\/cdn.shopify.com\/s\/files\/1\/0981\/6784\/files\/easy_returns_small.png?18284933676961159206\"><\/td>\n<td><\/td>\n<td>\n<div><meta charset=\"utf-8\"><\/div>\n<p><strong>Returns are easy<\/strong>, simply <a contact-us=\"\" target=\"_blank\" title=\"Contact Us\">contact us<\/a> for a returns number and send your item to our returns centre for fast processing. We'll get you a replacement or refund in a snap!<\/p>\n<\/td>\n<\/tr>\n<\/tbody>\n<\/table>","enable_product_review":true,"review_location":"in_tabs","product_review_tab_heading":"Reviews","display_review_star_product":true}},"cart-template":{"type":"cart-template","settings":{}},"creative_banner":{"type":"creative_banner","blocks":{"1505917524230":{"type":"slides","settings":{"slider_image_headline":"Sexy Dessous","slider_image":"","slider_url":"#","slider_description":"","slider_cta_txt":""}},"1505917527886":{"type":"slides","settings":{"slider_image_headline":"Sexy Dessous","slider_image":"","slider_url":"","slider_description":"","slider_cta_txt":""}},"1505917529296":{"type":"slides","settings":{"slider_image_headline":"Sexy Dessous","slider_image":"","slider_url":"","slider_description":"","slider_cta_txt":""}},"1505917530982":{"type":"slides","settings":{"slider_image_headline":"Sexy Dessous","slider_image":"","slider_url":"","slider_description":"","slider_cta_txt":""}}},"block_order":["1505917524230","1505917527886","1505917529296","1505917530982"],"settings":{"banner_on_off":"off"}},"1512471147480":{"type":"homepage-slideshow","blocks":{"1525585605088":{"type":"image","settings":{"heading":"","subheading":"","button_text":"","link":"","heading_vertical_pos":"top","heading_horizontal_pos":"center","text_overlay_alignment":"right"}}},"block_order":["1525585605088"],"settings":{"fullwidth":false,"bottom_padding":false,"dots":true,"speed":10,"heading_color":"#ffffff","heading_font_size":"80px","subheading_color":"#ffffff","subheading_font_size":"30px","button_bg_color":"#000000","button_text_color":"#ffffff"}},"1512472949407":{"type":"collection","settings":{"title":"Best Sellers","use_tag":"h1","collection":"","grid":7}},"1512473088967":{"type":"collection","settings":{"title":"Best Sellers","use_tag":"h1","collection":"","grid":11}},"homepage-video":{"type":"homepage-video","settings":{"footer_video_all_pages":false,"footer_video_bg_color":"#ffffff","footer_video_font_color":"#000000","footer_video_font_size":"25px","footer_video_font_style":"600","footer_video_display":false,"video1_title":"","video1_iframe":"","video1_caption":"","video2_title":"","video2_iframe":"","video2_caption":""}},"homepage-review":{"type":"homepage-review","blocks":{"1515927853704":{"type":"image","settings":{"image":"shopify:\/\/shop_images\/deshayla-min.jpg","quote":"This is gold! This is a very important part of the business. If your website isn’t converting your wasting money on traffic!","autor_name":"Deshayla Flowers"}},"1515927889903":{"type":"image","settings":{"image":"shopify:\/\/shop_images\/dima-min.jpg","quote":"That being said… The Shoptimized theme is probably my favourite theme out on the market atm. Versatile, lots of customisation options and built with conversions in mind","autor_name":"Dima Kritchevski"}},"1515927894799":{"type":"image","settings":{"image":"shopify:\/\/shop_images\/josh-min.jpg","quote":"This is bar-none the best theme I’ve seen to date. It’s fast on mobile AND desktop.","autor_name":"Josh Orion"}},"1515927900506":{"type":"image","settings":{"image":"shopify:\/\/shop_images\/Rien-min.jpg","quote":"I moved to Shoptimized exactly because it’s faster than what I was on before and needs less apps that slow the whole thing down. It’s even faster than out of the sandbox retina theme.","autor_name":"Rien Ennaa"}},"1515927905640":{"type":"image","settings":{"image":"shopify:\/\/shop_images\/srdjan-min.jpg","quote":"We do 6-figures a month using Shoptimized. No complaints here. I’ve switched themes at least a dozen times but I always come back to Shoptimized because of its versatility and built-in marketing functions.","autor_name":"Srdjan Kokotovic"}},"1530706795563":{"type":"image","settings":{"image":"shopify:\/\/shop_images\/Tristna-min.jpg","quote":"I use Shoptimized on all of my stores. I’ve tested a dozen different themes and this one converts the highest and has a lot of features built in so you don’t have to waste money on recurring app fees.","autor_name":"Tristan Broughton"}}},"block_order":["1515927853704","1515927889903","1515927894799","1515927900506","1515927905640","1530706795563"],"settings":{"footer_review_display":true,"section_title":"Don't Take Our Word For it! Here's What Our Customers Think:","footer_review_bg_color":"#ffffff","footer_quotation_mark_color":"#3498db","footer_review_font_color":"#000000","footer_review_title_color":"#000000","footer_review_author_color":"#000000","author_mobile_font_size":"12px"}},"faq-right-nav":{"type":"faq-right-nav","blocks":{"1521017834968":{"type":"image","settings":{"topic_title":"topic 1"}},"1521017840958":{"type":"image","settings":{"topic_title":"topic 2"}},"1521017846225":{"type":"image","settings":{"topic_title":"topic 3"}}},"block_order":["1521017834968","1521017840958","1521017846225"],"settings":{}},"faq-content":{"type":"faq-content","blocks":{"1521017853183":{"type":"image","settings":{"question1":true,"text_question1":"question 1","text_answer1":"answer 1","question2":true,"text_question2":"question 2","text_answer2":"answer 2","question3":false,"text_question3":"","text_answer3":"","question4":false,"text_question4":"","text_answer4":"","question5":false,"text_question5":"","text_answer5":"","question6":false,"text_question6":"","text_answer6":"","question7":false,"text_question7":"","text_answer7":"","question8":false,"text_question8":"","text_answer8":"","question9":false,"text_question9":"","text_answer9":"","question10":false,"text_question10":"","text_answer10":""}},"1521017877242":{"type":"image","settings":{"question1":true,"text_question1":"dvnsd","text_answer1":"sdvsf","question2":true,"text_question2":"vsdfs","text_answer2":"dvsf","question3":true,"text_question3":"svbfs","text_answer3":"sbdfs","question4":false,"text_question4":"","text_answer4":"","question5":false,"text_question5":"","text_answer5":"","question6":false,"text_question6":"","text_answer6":"","question7":false,"text_question7":"","text_answer7":"","question8":false,"text_question8":"","text_answer8":"","question9":false,"text_question9":"","text_answer9":"","question10":false,"text_question10":"","text_answer10":""}},"1521017892357":{"type":"image","settings":{"question1":true,"text_question1":"fb dfs","text_answer1":"adxz","question2":true,"text_question2":"s xfd","text_answer2":"sa df","question3":true,"text_question3":"sd asc","text_answer3":"sad dfs","question4":false,"text_question4":"","text_answer4":"","question5":false,"text_question5":"","text_answer5":"","question6":false,"text_question6":"","text_answer6":"","question7":false,"text_question7":"","text_answer7":"","question8":false,"text_question8":"","text_answer8":"","question9":false,"text_question9":"","text_answer9":"","question10":false,"text_question10":"","text_answer10":""}}},"block_order":["1521017853183","1521017877242","1521017892357"],"settings":{}},"1531569783351":{"type":"homepage-mobile-slideshow","blocks":{"1531569783351-0":{"type":"image","settings":{"heading":"","subheading":"","button_text":"","link":"#","heading_vertical_pos":"top","heading_horizontal_pos":"center","text_overlay_alignment":"center"}}},"block_order":["1531569783351-0"],"settings":{"fullwidth":false,"bottom_padding":false,"dots":true,"speed":2,"heading_color":"#ffffff","heading_font_size":"30px","subheading_color":"#ffffff","subheading_font_size":"18px","button_font_size":"18px","button_bg_color":"#000000","button_text_color":"#ffffff"}},"product-options":{"type":"product-options","settings":{}},"pre-footer":{"type":"pre-footer","blocks":{"1559141873506":{"type":"image","settings":{"image":"shopify:\/\/shop_images\/Luxury-Books-Gifts-Sethers-Bookstore-Men-Women-Gift-Christmas.png","heading":"Bestselling | STL 3D Model Files","subheading":"Buy and Download Premium 3D  Printing Models","linktext":"Shop Now","linkurl":"https:\/\/sethers.com\/collections\/bestselling-3d-printer-model-files"}},"1559142446117":{"type":"image","disabled":true,"settings":{"heading":"We will beat any price","subheading":"Found one of our products cheper elsewhere? We will beat the price","linktext":"See Details","linkurl":""}},"1559142498180":{"type":"image","disabled":true,"settings":{"heading":"Free Shipping","subheading":"Enjoy free shipping when your order exceeds $75","linktext":"See Details","linkurl":""}},"1559147464532":{"type":"image","settings":{"image":"shopify:\/\/shop_images\/Luxury-Books-Gifts-Sethers-Bookstore.png","heading":"ALL | 3D Printing Model Files","subheading":"STL 3MF 3D Printer Models Catalog","linktext":"Shop Now","linkurl":"shopify:\/\/collections\/all-3d-printer-model-files"}}},"block_order":["1559141873506","1559142446117","1559142498180","1559147464532"],"settings":{"footer_first_row_display":true,"footer_image_small":true,"footer_first_row_bg_color":"#eeeeee","footer_first_row_font_color":"#5d6060","footer_first_row_font_size_heading":"20px","footer_first_row_font_style_heading":"600","footer_first_row_title_font_size":"14px","footer_first_row_title_font_style":"400","footer_first_row_link_font_size":"14px","footer_first_row_link_font_style":"300","footer_first_row_link_font_color":"#2980b9","footer_first_row_link_font_color_hover":"#3498db"}},"purchases-proof":{"type":"purchases-proof","settings":{"enable":true,"disable_mobile":true,"purchases_proof_bg_color":"#ffffff","product_title_color":"#000000","product_title_font_size":"16px","product_title_font_style":"400","border_radius":5,"text_line_01_color":"#000000","text_line_01_font_size":"14px","text_line_01_font_style":"400","text_line_01":"Someone purchased a","text_line_02_color":"#000000","text_line_02_font_size":"14px","text_line_02_font_style":"400","text_line_02":"{time-text} {place-text}","text_time_default":"{time} ago","text_time_now":"Now","text_name_default":"{name} Purchase","text_place_default":"from {place}","text_place_unknown":"from some country","time_minutes":"minute|minutes","time_hours":"hour|hours","time_days":"day|days","enable_demo_data":true,"collection":"all-3d-printer-model-files","range_min":1,"range_max":60,"max_desc_length_enable":true,"max_desc_length":10,"names":"James|Sophia|Madison|Emma|Jackson|Aiden|Ava|Liam|Mia|Lucas|Isabella|Noah|Zoe|Mason|Lily|Ethan|Caden|Logan|Emily|Bryan|Nicholas|Brittany|Olivia|Noah|Benjamin|Eliah|Ethan|Daniel|Matthew|Logan|Grace|Emily|Amelia|Ava Margareta|Dione|Danny|Miki|Dina|Bernard|Marisha|Jeanetta|Gina|Wilbert|Marinda|Sacha|Sau|Trang|Maryanne|Sarah|Antony|Ricky|Shayna|Vivian|Tifany|Roscoe|Isabella|Nevada|Keeley|Celsa|Milly|Stefania|Palmira|Malvina|Mitzi|Roni|Lettie|Hester|Alberta|Suzan|Micaela|Loria|Lena|Rosaura|Brittanie|Shawanna|Paula|Eduardo|Jerry|Stacey|Madelyn|Karey|Ashley|Reid|Kelvin|Ambrose|Elisha|Mario|Clyde|Quincy|Dante|Shayne|Ernie|Jesus|Benedict|Hung|Wendell|Royce|Nathanael|Jarod|Homer|Karl|Dirk|Issac|Virgil|Jae|Christoper|Ahmad|Moshe|Lavern|Gordon|Wilbert|Pablo|Andrea|Stanton|Ignacio|Evan|Herbert|Brendon|Dalton|Ron|Geraldo|Quintin|Laverne|Wilfredo|Marlon|Johnson|Leonardo|Von|Branden|Bob|Sheldon|Taryn|Albina|Babette|Collene|Camelia|Kisha|Marisol|Chantay|Antonina|Tenesha|Denice|Annita|Honey|Libbie|Carlena|Janie|Delta|Jaimie|Toshiko|Chloe|Melani|Hellen|Naomi|Ramona|Giselle|Katelin|Catheryn|Dayna|Deeann|Majorie|Thersa|Ozella|Mendy|Ariana|Marlyn|Adrianne|Geri|Contessa|Shonna|Stephenie|Cinthia|Samare|Jenae|Margarita|Gracia|Ulrike|Lauretta|Delphia|Carrie","places":"New York, USA|St. Louis, USA|Chicago, USA|San Diego, USA|Kansas City, USA|Hartford, USA|Orlando, USA|Dallas, USA|Boston, USA|Miami, USA|Key West, USA|Atlanta, USA|Birmingham, USA|Fort Worth, USA|Nashville, USA|Cleveland, USA|Indianapolis, USA|Springfield, USA|Jefferson City, USA|Seattle, USA|Montgomery, USA|Little Rock, USA|Sacramento, USA|Denver, USA|Dover, USA|Phoenix, USA|Juneau, USA|Tallahassee, USA|Boise, USA|Des Moines, USA|Honolulu, USA|Topeka, USA|Augusta, USA|Baton Rouge, USA|Frankfort, USA|Lansing, USA|Saint Paul, USA|Jacksonville, USA|Jackson, USA|Helena, USA|Concord, USA|Trenton, USA|Santa Fe, USA|Albany, USA|Carson City, USA|Lincoln, USA|Raleigh, USA|Columbus, USA|Salem, USA|Harrisburg, USA|Providence, USA|Columbia, USA|Pierre, USA|Oklahoma City, USA|","disable_closing":true,"cookie_lifetime":"1","real_data":"now_and_period","real_data_period":"48","delay":6,"interval_min":6,"interval_max":13,"lifetime":9}},"notifications":{"type":"notifications","settings":{"cookie_enable":false,"cookie_content_text":"This is a standard cookie notice which you can easily adapt or disable as you like in the admin. We use cookies to ensure that we give you the best experience on our website.","cookie_information_button_text":"Privacy Policy","cookie_information_button_link":"","cookie_close_button_text":"Accept","cookie_delay":3,"cookie_lifetime":"1"}},"1559142317486":{"type":"compelling-reasons-section","settings":{"footer_first_row_bg_color":"#f1f4f5","footer_first_row_font_color":"#6e797a","footer_first_row_font_size_heading":"12px","footer_first_row_font_style_heading":"600"}},"product-information":{"type":"product-information","settings":{"enable":true,"addedtocart_counter_text":"visitors have this item in their cart right now","orders_counter_enable":true,"orders_counter_text":"people have bought this item","multibuy_counter_enable":true,"multibuy_counter_text":"% of people buy 2 or more"}},"image-with-text":{"type":"image-with-text","settings":{"image":"","layout":"left","title":"Image with text","text":"<p>Pair large text with an image to give focus to your chosen product, collection, or blog post. Add details on availability, style, or even provide a review.<\/p>","button_label":"","button_link":""}},"recently-viewed":{"type":"recently-viewed","settings":{"enabileit":true,"rv_title":"Recently viewed products","rv_products_style":"slider","rv_max_display":6}},"product-sections-new":{"type":"product-sections-new","blocks":{"product-sections-new-0":{"type":"image_on_the_left","settings":{"product":"","heading":"","text":"","bg_color":"","heading_color":"","text_color":""}},"product-sections-new-1":{"type":"image_on_the_right","settings":{"product":"","heading":"","text":"","bg_color":"","heading_color":"","text_color":""}},"product-sections-new-2":{"type":"image_overlay","settings":{"product":"","heading":"","text":"","heading_color":"","text_color":""}}},"block_order":["product-sections-new-0","product-sections-new-1","product-sections-new-2"],"settings":{}},"related-products-new":{"type":"related-products-new","settings":{"enable":true,"max_products_count":6}},"product-information-new":{"type":"product-information-new","settings":{"enable":false,"visitors_counter_enable":true,"visitors_counter_text":"visitors right now","addedtocart_counter_enable":true,"addedtocart_counter_text":"visitors have this item in their cart right now","orders_counter_enable":true,"orders_counter_text":"people have bought this item","multibuy_counter_enable":true,"multibuy_counter_text":"% of people buy 2 or more"}},"product-recently-viewed":{"type":"product-recently-viewed","settings":{"rv_enable":true,"rv_title":"Recently viewed products","rv_layout":"slider","rv_products_limit":6}},"1622472368fedc491c":{"type":"homepage-promotion","settings":{"promotion_title":"Want to Win Cool Prizes?","promotion_color":"#49acd5","promotion_text_color":"#ffffff","promotion_hashtag":"#HASHTAG","promotion_more_text":"Take a selfie with our product and email it to happytohelp@yourdomain.com to win!","promotion_enable_arrows":false,"promotion_timer":2}},"statistics-slider":{"type":"statistics-slider","settings":{"enable":true,"slider_dur":5,"enable_quantity":true,"enable_visitors":true,"enable_orders":true,"enable_added_to_cart_counter":true,"addedtocart_counter_text":"visitors have this item in their cart right now","informations_alert_enable":true,"informations_alert_text":"<span>Only [quantity_counter] left!<\/span> [fire_icon] [visitors_counter] people are viewing this, and [orders_counter] recently purchased it","flash_sold_enable":true,"multibuy_counter_enable":true,"shipping":true,"showcountryandflag":true,"free_shipping_text":"Spend $x to qualify Free shipping","free_shipping_text_free":"You have free Shipping","global1":"","global2":"","global3":""}}},"content_for_index":["1512471147480","1531569783351","1559142317486","1622472368fedc491c","1512472949407","1512473088967"],"blocks":{"16789939927838974014":{"type":"shopify:\/\/apps\/rivyo-product-reviews\/blocks\/app-embed\/f1860e84-309f-40ca-a2df-188435a622f3","disabled":false,"settings":{}},"11877319286961345690":{"type":"shopify:\/\/apps\/doc-404-broken-links-repair\/blocks\/404-fix-broken-links-widget\/f4f2d416-cb00-4540-bda9-816d588bad3e","disabled":false,"settings":{}},"15683396631634586217":{"type":"shopify:\/\/apps\/inbox\/blocks\/chat\/841fc607-4181-4ad1-842d-e24d7f8bad6b","disabled":false,"settings":{"button_color":"#000000","secondary_color":"#FFFFFF","ternary_color":"#6A6A6A","button_icon":"chat_bubble","button_text":"no_text","button_horizontal_position":"bottom_right","button_vertical_position":"lowest","greeting_message":"👋 Hi, message us with any questions. \n\nWe're happy to help! \n\nWe will be with you as soon as we can. \n\nIf you prefer not to wait we will follow up with you via the contact information you provided.\n\n For best results ensure you have provided your email address in your account or when you start a chat."}},"18348123794867637515":{"type":"shopify:\/\/apps\/email-wiz\/blocks\/app-embed\/240b6bc0-e686-4c07-8fde-eb7ee1949893","disabled":false,"settings":{}},"144831480468751239":{"type":"shopify:\/\/apps\/essential-upsell\/blocks\/app-embed\/50627fd9-24fd-4250-8614-accc12826d80","disabled":false,"settings":{}}}},"presets":{"Default":{"ajax_cart_method":"drawer","cart_notes_enable":true,"color_body_bg":"#fff","color_body_text":"#333333","color_borders":"#e5e5e5","color_footer_bg":"#f2f2f2","color_footer_social_link":"#bbbbbb","color_footer_text":"#636363","color_primary":"#747474","color_secondary":"#bbb","favicon_enable":false,"footer_newsletter_enable":true,"footer_social_enable":true,"logo_use_image":false,"social_facebook_link":"","social_twitter_link":""}}}