{"sections":{"main":{"type":"article-template","settings":{}},"17122513470e4dad7a":{"type":"apps","blocks":{"tranh_social_media_share_bar_app_block_nmEqPn":{"type":"shopify:\/\/apps\/tranh-social-media-share-bar\/blocks\/app-block\/671b3682-2d3c-4954-8de4-2fd7ae8cd75e","settings":{"pr_social_share":"{}"}}},"block_order":["tranh_social_media_share_bar_app_block_nmEqPn"],"settings":{}},"collection_tHK8Q9":{"type":"collection","settings":{"title":"Articulated Flexi Collection | 3D Printing Models","use_tag":"h2","collection":"articulated-flexi-3d-printer-model-files","grid":10}}},"order":["main","17122513470e4dad7a","collection_tHK8Q9"]}