{"sections":{"image_with_text_BqA8YR":{"type":"image-with-text","settings":{"image":"shopify:\/\/shop_images\/3D-Printing-Adventures-Blog-3D-Printer-Model-Files.png","layout":"left","title":"3D Printing Adventures | BLOG","text":"<p>The <strong>3D Printing Adventures Blog<\/strong>  is a blog dedicated to all aspects of 3D printing and model files. <\/p><p>It covers topics such as innovative techniques, design inspiration, expert insights, model files, tutorials, community engagement, and industry news related to 3D printing. <\/p><p>The blog aims to inspire and educate 3D printing enthusiasts, makers, and professionals while providing a platform to share ideas, projects, and resources in the 3D printing community.<\/p><p>Contact us if you would like to guest blog.<\/p>","button_label":"CONTACT US","button_link":"shopify:\/\/pages\/contact-us-3d-printing-service"}},"main":{"type":"blog-template","settings":{}},"17122511509d77607e":{"type":"apps","blocks":{"tranh_social_media_share_bar_app_block_Ke68GJ":{"type":"shopify:\/\/apps\/tranh-social-media-share-bar\/blocks\/app-block\/671b3682-2d3c-4954-8de4-2fd7ae8cd75e","settings":{"pr_social_share":"{}"}}},"block_order":["tranh_social_media_share_bar_app_block_Ke68GJ"],"settings":{}}},"order":["image_with_text_BqA8YR","main","17122511509d77607e"]}