{"sections":{"homepageslideshow":{"type":"homepage-slideshow","blocks":{"image_a7knnr":{"type":"image","settings":{"image":"shopify:\/\/shop_images\/Best-3d-printing-stl-file-models-at-sethers.png","heading":"","subheading":"","button_text":"","link":"https:\/\/sethers.com\/collections\/bestselling-3d-printer-model-files","heading_vertical_pos":"center","heading_horizontal_pos":"center","text_overlay_alignment":"center"}},"image_dbcdqY":{"type":"image","disabled":true,"settings":{"image":"shopify:\/\/shop_images\/Sale-3d-Printer-Model-Files.png","heading":"","subheading":"","button_text":"","link":"https:\/\/sethers.com\/collections\/bestselling-3d-printer-model-files","heading_vertical_pos":"center","heading_horizontal_pos":"center","text_overlay_alignment":"center"}},"74bb7587-d165-4a06-a342-ab56082a7771":{"type":"image","disabled":true,"settings":{"image":"shopify:\/\/shop_images\/Buy-Gifts-Live-Well-Made-in-USA-Sethers_97c94c49-86fe-4175-8d54-c1027f529b96.png","heading":"","subheading":"","button_text":"SHOP ALL PRODUCTS","link":"https:\/\/sethers.com\/collections\/all-products-unique-gifts","heading_vertical_pos":"bottom","heading_horizontal_pos":"center","text_overlay_alignment":"center"}},"image_DjaHcc":{"type":"image","settings":{"image":"shopify:\/\/shop_images\/Sethers-HomePage-Top-Banner-1.png","heading":"","subheading":"","button_text":"","link":"shopify:\/\/collections\/all-3d-printer-model-files","heading_vertical_pos":"center","heading_horizontal_pos":"center","text_overlay_alignment":"center"}}},"block_order":["image_a7knnr","image_dbcdqY","74bb7587-d165-4a06-a342-ab56082a7771","image_DjaHcc"],"settings":{"fullwidth":true,"bottom_padding":false,"dots":true,"speed":8,"heading_color":"#ff0000","heading_font_size":"60px","subheading_color":"#1e0c0c","subheading_font_size":"40px","button_bg_color":"#000000","button_text_color":"#ffffff"}},"image_with_text_MNwqTd":{"type":"image-with-text","settings":{"image":"shopify:\/\/shop_images\/sethers-premium-3d-printing-stl-model-files.png","layout":"right","title":"BUY PERFECT 3D MODEL FILES","text":"<p>‎ <\/p><h6>Buy and download premium 3d model files and build or print them with your 3d printer. STL and 3MF files for 3d designers and makers. Download the best highest quality 3d print files for your next 3d printing model project.    <\/h6><p>‎ <\/p><h6>We also offer the best 3d printing service and custom 3d printer model services. Paid 3d printable models including STL files and 3MF files. All 3d printer model files are categorized to easily find and download your favorite 3d models to print on your 3d printer. <\/h6><p>‎ <\/p>","button_label":"SEARCH 3D MODEL FILES","button_link":"shopify:\/\/collections\/bestselling-3d-printer-model-files"}},"collection_gjGq34":{"type":"collection","settings":{"title":"NEW | 3D Printer Model Files","use_tag":"h2","collection":"all-3d-printer-model-files","grid":40}},"image_with_text_Cr7QXz":{"type":"image-with-text","disabled":true,"settings":{"layout":"left","title":"HueForge SOFTWARE | 3D Filament Painting | Limited Time >> $8.99 <<","text":"<p>‎ <\/p><p>HueForge gives you the ability to produce detailed color images, with both Filament Painting and Backlit Lithophane with Layered Colors.<br\/><br\/>All done with just layer swaps. You don't NEED a fancy printer with an AMS or MMU (sure they make it easier by changing the colors for you) to get great results!<br\/><br\/>HueForge is software which allows you to create detailed multi-color 3D Prints using only Swap-by-Layer through a process we call Filament Painting. It isn't a slicer or a painting program. HueForge generates a model file for you, and then using the sliders you see on the bottom of the image, and the magic of Transmission Distance, predicts what your final print will look like after printing.<\/p><p>‎ <\/p>","button_label":"Shop Now","button_link":"shopify:\/\/products\/hueforge-software-3d-filament-painting"}},"collection_BwQfF6":{"type":"collection","name":"Product Rows on Homepage","settings":{"title":"James Gunn's Superman 2025 | Superman Collection","use_tag":"h1","collection":"superman-collection-3d-printing-model-files","grid":38}},"image_with_text_TADxdi":{"type":"image-with-text","settings":{"image":"shopify:\/\/shop_images\/Limited-Editon-SQR-1.png","layout":"right","title":"LIMITED EDITION COLLECTION >> Models Retiring Soon >> Last Chance to Download","text":"<p><\/p><p><br\/><\/p><p><br\/><\/p><p><br\/><\/p><p>Limited Edition 3D Printing STL Models | Last Chance to Buy Retiring Soon!<\/p><p><br\/><\/p><p>These Limited Edition 3D Printer STL Model Files will not be around for long as they are Retiring soon! This the LAST CHANCE to purchase and download these STL Models before they are officially retired. <\/p><p><br\/><\/p><p>Going, going and almost gone! These Limited Edition 3D Printing STL 3MG Model Files will be officially retired VERY soon. This is your last change to buy and download these 3D Models. <\/p><p><br\/><\/p><p>if you see a 3D model that you like, buy and download them while you can. Discover a range of Exclusive Premium Limited Edition 3D STL Model files that will soon be discontinued from a variety of themes. <\/p><p><br\/><\/p><p>Have the Last Chance at buying some soon to be rare 3D Printer Models that will soon be some highly scarce Collector’s items suitable for many ages and interests! So, don’t miss out before it’s too late.<\/p><p><br\/><\/p><p><br\/><\/p>","button_label":"SHOP NOW","button_link":"shopify:\/\/collections\/limited-edition-models-3d-printer-model-files"}},"collection_XtTEYV":{"type":"collection","settings":{"title":"Limited Edition Collection >> Models will be Retired Soon!","use_tag":"h2","collection":"limited-edition-models-3d-printer-model-files","grid":40}},"image_with_text_tcDVQa":{"type":"image-with-text","name":"Image with text","settings":{"image":"shopify:\/\/shop_images\/fghrt.png","layout":"left","title":"LOWEST PRICE | HueForge Software v8.1","text":"<p><span style=\"text-decoration:underline\"><br\/>HueForge<\/span> is an impressive software that lets you <strong>PAINT WITH FILAMENT<\/strong>! <span style=\"text-decoration:underline\">HueForge<\/span> gives you the ability to produce detailed color images, with <strong>both Filament Painting and Backlit Lithophane with Layered Colors<\/strong>. All done with just layer swaps. You don't NEED a fancy printer with an AMS or MMU (sure they make it easier by changing the colors for you) to get great results! <br\/><br\/><span style=\"text-decoration:underline\">HueForge<\/span> is software which allows you to create detailed multi-color 3D Prints using only Swap-by-Layer through a process we call <strong>Filament Painting<\/strong>. It isn't a slicer or a painting program. <span style=\"text-decoration:underline\">HueForge<\/span> generates a model file for you, and then using the sliders you see on the bottom of the image, and <strong>the magic of Transmission Distance<\/strong>, predicts what your final print will look like after printing.<br\/><br\/>After you are happy with how it should look, it will export a text file giving you the layer heights at which you should set up your colors swaps. While an automatic filament changer is nice, many images have just a 3-4 colors swaps and can easily be managed by hand. But if your 3D printer has MMU then you can use it to change colors automatically. It's just not required.<br\/><br\/><strong>Filament painting<\/strong> opens up a new realm of artistic expression within the world of 3D printing. The ability to <span style=\"text-decoration:underline\">transform 2D images into three-dimensional marvels<\/span> is captivating, enabling artists, designers, and hobbyists to unleash their creativity and push the boundaries of what is possible.<br\/><br\/>With <span style=\"text-decoration:underline\">HueForge<\/span> and its intuitive interface, the process of filament painting becomes accessible to all, bridging the gap between imagination and reality. Whether used for personal projects or commercial ventures, <strong>filament painting<\/strong> offers endless possibilities in the realm of additive manufacturing.<br\/><br\/><br\/><\/p>","button_label":"LEARN MORE","button_link":"shopify:\/\/products\/hueforge-software-3d-filament-painting"}},"collection_fhQW9A":{"type":"collection","settings":{"title":"Our Favorite Things | 3D Printer STL Model Files","use_tag":"h2","collection":"favorite-things-collecton-3d-printing-stl-models","grid":40}},"collection_jwf3px":{"type":"collection","name":"Product Rows on Homepage","settings":{"title":"Lilo and Stitch Collection | Premium 3D Printing Models","use_tag":"h2","collection":"lilo-and-stitch-collection-3d-printing-stl-models","grid":38}},"collection_bdcp6R":{"type":"collection","name":"Product Rows on Homepage","settings":{"title":"Hello Kitty Collection | Best 3D Printing Model Files","use_tag":"h2","collection":"hello-kitty-collection-3d-printing-stl-model-files-at-sethers","grid":39}},"collection_iaphrD":{"type":"collection","name":"Product Rows on Homepage","settings":{"title":"Wedding Collection | Best 3D Printing Model Files","use_tag":"h2","collection":"wedding-collection","grid":38}},"collection_iNenH4":{"type":"collection","settings":{"title":"BATMAN COLLECTION | 3D Printing STL Models","use_tag":"h1","collection":"batman-dark-knight-collection-3d-printer-stl-models","grid":40}},"homepagepromotion":{"type":"homepage-promotion","blocks":{"1525585927272":{"type":"image","settings":{}},"1525585991589":{"type":"image","settings":{}},"1525586001226":{"type":"image","settings":{}},"1525585970213":{"type":"image","settings":{}},"1525586012228":{"type":"image","settings":{}},"1525586022003":{"type":"image","settings":{}},"3f0f4251-7405-47ba-bc63-8e9f31047bb0":{"type":"image","settings":{}},"30c8fa46-7d2d-4be3-847f-b7cc77eb17c9":{"type":"image","settings":{}}},"block_order":["1525585927272","1525585991589","1525586001226","1525585970213","1525586012228","1525586022003","3f0f4251-7405-47ba-bc63-8e9f31047bb0","30c8fa46-7d2d-4be3-847f-b7cc77eb17c9"],"disabled":true,"settings":{"promotion_title":"Want to Win Cool Prizes?","promotion_color":"#2980b9","promotion_text_color":"#ffffff","promotion_hashtag":"#SETHERS","promotion_more_text":"Take a selfie with our product and email it to orders@sethers.com to win!","promotion_enable_arrows":true,"promotion_timer":3}},"collection_list_r3Kf8B":{"type":"collection-list","blocks":{"featured_collection_NfEzmy":{"type":"featured_collection","settings":{"collection":"all-3d-printer-model-files"}},"featured_collection_4nceE8":{"type":"featured_collection","settings":{"collection":"bestselling-3d-printer-model-files"}},"featured_collection_WzxWTA":{"type":"featured_collection","settings":{"collection":"limited-edition-models-3d-printer-model-files"}},"featured_collection_YYiECQ":{"type":"featured_collection","settings":{"collection":"3d-city-frames-collection-3d-printer-model-files"}},"featured_collection_pzpAmr":{"type":"featured_collection","settings":{"collection":"animals-3d-printer-model-files"}},"featured_collection_LBYadG":{"type":"featured_collection","settings":{"collection":"articulated-flexi-3d-printer-model-files"}},"featured_collection_nGXgce":{"type":"featured_collection","settings":{"collection":"batman-dark-knight-collection-3d-printer-stl-models"}},"featured_collection_gbwGAJ":{"type":"featured_collection","settings":{"collection":"bioshock-collection-3d-printer-model-files"}},"featured_collection_mE94nK":{"type":"featured_collection","settings":{"collection":"beetlejuice-collection-3d-printer-model-files"}},"featured_collection_zVc9Bx":{"type":"featured_collection","settings":{"collection":"bird-houses-and-feeders"}},"featured_collection_WMTQn3":{"type":"featured_collection","settings":{"collection":"chess-set-3d-printer-model-files"}},"featured_collection_CJnGQG":{"type":"featured_collection","settings":{"collection":"christian-collection-3d-printing-model-files"}},"featured_collection_zaDyhL":{"type":"featured_collection","settings":{"collection":"christmas-3d-printer-model-files"}},"featured_collection_XALLHB":{"type":"featured_collection","settings":{"collection":"cosplay-3d-printer-model-files"}},"featured_collection_hhGqh7":{"type":"featured_collection","settings":{"collection":"cowboys-and-indians-3d-printer-model-files"}},"featured_collection_KVEqxX":{"type":"featured_collection","settings":{"collection":"crochet-knitted-collection-3d-printed-model-files"}},"featured_collection_4DktyX":{"type":"featured_collection","settings":{"collection":"deadpool-collection-3d-printer-model-files"}},"featured_collection_CRxdnG":{"type":"featured_collection","settings":{"collection":"dinosaurs-3d-printer-model-files"}},"featured_collection_Jcn88A":{"type":"featured_collection","settings":{"collection":"dragons-3d-printer-model-files"}},"featured_collection_qKRNUE":{"type":"featured_collection","settings":{"collection":"easter-3d-printer-model-files"}},"featured_collection_kRycjQ":{"type":"featured_collection","settings":{"collection":"educational-3d-printer-model-files"}},"featured_collection_KTbpCf":{"type":"featured_collection","settings":{"collection":"elvis-presley-collection-3d-printer-model-files"}},"featured_collection_PhE7gN":{"type":"featured_collection","settings":{"collection":"favorite-things-collecton-3d-printing-stl-models"}},"featured_collection_CdxDWc":{"type":"featured_collection","settings":{"collection":"hueforge-3d-filament-painting-collection-3d-printer-model-files"}},"featured_collection_bjPxBc":{"type":"featured_collection","settings":{"collection":"gadgets-3d-printer-model-files"}},"featured_collection_MMaY7z":{"type":"featured_collection","settings":{"collection":"halloween-3d-printer-model-files"}},"featured_collection_VWHDG9":{"type":"featured_collection","settings":{"collection":"harry-potter-collection-3d-printing-model-files"}},"featured_collection_xNPa6h":{"type":"featured_collection","settings":{"collection":"headphone-stand-collection-3d-printer-model-files"}},"featured_collection_BN8g3T":{"type":"featured_collection","settings":{"collection":"hello-kitty-collection-3d-printing-stl-model-files-at-sethers"}},"featured_collection_JV6ckP":{"type":"featured_collection","settings":{"collection":"home-decor-3d-printer-model-files"}},"featured_collection_d9qDKr":{"type":"featured_collection","settings":{"collection":"how-the-grinch-stole-christmas-collection-3d-printer-model-files"}},"featured_collection_N4YmXT":{"type":"featured_collection","settings":{"collection":"humidifier-collection-3d-printer-model-files"}},"featured_collection_XgFAGf":{"type":"featured_collection","settings":{"collection":"incense-holders-backflow-burners-collection"}},"featured_collection_K6TmH6":{"type":"featured_collection","settings":{"collection":"jewelry"}},"featured_collection_Lr7hX4":{"type":"featured_collection","settings":{"collection":"labubu-collection"}},"featured_collection_7xi4WW":{"type":"featured_collection","settings":{"collection":"lilo-and-stitch-collection-3d-printing-stl-models"}},"featured_collection_6tn4jX":{"type":"featured_collection","settings":{"collection":"masks-collection-3d-printer-model-files"}},"featured_collection_BGYR7X":{"type":"featured_collection","settings":{"collection":"mechanical-3d-printer-model-files"}},"featured_collection_yViqRM":{"type":"featured_collection","settings":{"collection":"minecraft"}},"featured_collection_ygUGxL":{"type":"featured_collection","settings":{"collection":"movies-tv-and-icons-collection-3d-printer-stl-models"}},"featured_collection_R3Bwxz":{"type":"featured_collection","settings":{"collection":"night-lights-3d-printer-model-files"}},"featured_collection_pTA3Xa":{"type":"featured_collection","settings":{"collection":"ocean-3d-printer-model-files"}},"featured_collection_KEBRhg":{"type":"featured_collection","settings":{"collection":"piggy-banks-3d-printer-model-files"}},"featured_collection_KcEgVm":{"type":"featured_collection","settings":{"collection":"pokemon-collection-3d-printer-model-files"}},"featured_collection_g9hhHX":{"type":"featured_collection","settings":{"collection":"popcorn-bucket-collection"}},"featured_collection_B7UpTe":{"type":"featured_collection","settings":{"collection":"print-in-place-3d-printer-model-files"}},"featured_collection_WVW4DA":{"type":"featured_collection","settings":{"collection":"puzzle-and-games-3d-printer-model-files"}},"featured_collection_JwRGzi":{"type":"featured_collection","settings":{"collection":"rock-roll-legends-3d-printing-models-collection"}},"featured_collection_FWGAyW":{"type":"featured_collection","settings":{"collection":"rpg-accessories-3d-printer-model-files"}},"featured_collection_3kVg4A":{"type":"featured_collection","settings":{"collection":"rudolph-the-red-nosed-reindeer-collection"}}},"block_order":["featured_collection_NfEzmy","featured_collection_4nceE8","featured_collection_WzxWTA","featured_collection_YYiECQ","featured_collection_pzpAmr","featured_collection_LBYadG","featured_collection_nGXgce","featured_collection_gbwGAJ","featured_collection_mE94nK","featured_collection_zVc9Bx","featured_collection_WMTQn3","featured_collection_CJnGQG","featured_collection_zaDyhL","featured_collection_XALLHB","featured_collection_hhGqh7","featured_collection_KVEqxX","featured_collection_4DktyX","featured_collection_CRxdnG","featured_collection_Jcn88A","featured_collection_qKRNUE","featured_collection_kRycjQ","featured_collection_KTbpCf","featured_collection_PhE7gN","featured_collection_CdxDWc","featured_collection_bjPxBc","featured_collection_MMaY7z","featured_collection_VWHDG9","featured_collection_xNPa6h","featured_collection_BN8g3T","featured_collection_JV6ckP","featured_collection_d9qDKr","featured_collection_N4YmXT","featured_collection_XgFAGf","featured_collection_K6TmH6","featured_collection_Lr7hX4","featured_collection_7xi4WW","featured_collection_6tn4jX","featured_collection_BGYR7X","featured_collection_yViqRM","featured_collection_ygUGxL","featured_collection_R3Bwxz","featured_collection_pTA3Xa","featured_collection_KEBRhg","featured_collection_KcEgVm","featured_collection_g9hhHX","featured_collection_B7UpTe","featured_collection_WVW4DA","featured_collection_JwRGzi","featured_collection_FWGAyW","featured_collection_3kVg4A"],"settings":{"title":"ALL COLLECTIONS | 3D Printing STL Models","hide_title":false,"show_border":true,"collection_view":"show_in_grid"}},"collection_list_ETandV":{"type":"collection-list","blocks":{"featured_collection_HmPmbW":{"type":"featured_collection","settings":{"collection":"secret-hidden-compartment"}},"featured_collection_JYEjV9":{"type":"featured_collection","settings":{"collection":"skulls-3d-printer-model-files"}},"featured_collection_KVdMx7":{"type":"featured_collection","settings":{"collection":"space-3d-printer-model-files"}},"featured_collection_PfEtft":{"type":"featured_collection","settings":{"collection":"squid-game-collection-3d-stl-printer-model-files"}},"featured_collection_AkpAk6":{"type":"featured_collection","settings":{"collection":"superman-collection-3d-printing-model-files"}},"featured_collection_fKNqTg":{"type":"featured_collection","settings":{"collection":"super-mario-brothers-3d-printing-stl-models-collection"}},"featured_collection_jfHtxY":{"type":"featured_collection","settings":{"collection":"st-patricks-day-3d-printer-model-files"}},"featured_collection_XC7pLx":{"type":"featured_collection","settings":{"collection":"star-trek-3d-printing-model-files"}},"featured_collection_QAXHqG":{"type":"featured_collection","settings":{"collection":"star-wars-collection-premium-3d-printing-stl-model-files"}},"featured_collection_mACzgm":{"type":"featured_collection","settings":{"collection":"steampunk-3d-printer-model-files"}},"featured_collection_Dt63FR":{"type":"featured_collection","settings":{"collection":"tabasco-sauce-holder-collection"}},"featured_collection_Yabq7f":{"type":"featured_collection","settings":{"collection":"teddy-bears"}},"featured_collection_N7Epe7":{"type":"featured_collection","settings":{"collection":"thanksgiving"}},"featured_collection_by4dzA":{"type":"featured_collection","settings":{"collection":"titanic-collection-3d-printing-stl-model-files"}},"featured_collection_6DFkVH":{"type":"featured_collection","settings":{"collection":"useful-prints-3d-printer-model-files"}},"featured_collection_jXKGfb":{"type":"featured_collection","settings":{"collection":"valentines-day-3d-printer-model-files"}},"featured_collection_Y7WeNx":{"type":"featured_collection","settings":{"collection":"vases-planters-3d-print-model-files"}},"featured_collection_3K3jiY":{"type":"featured_collection","settings":{"collection":"walt-disney-3d-printing-model-files"}},"featured_collection_mEyqMk":{"type":"featured_collection","settings":{"collection":"wedding-collection"}},"featured_collection_wYfDEb":{"type":"featured_collection","settings":{"collection":"wine-bottle-holders-3d-printer-model-files"}},"featured_collection_QdNkaa":{"type":"featured_collection","settings":{"collection":"the-wizard-of-oz-collection-stl-3d-printer-model-files"}},"featured_collection_rmRxfh":{"type":"featured_collection","settings":{"collection":"zodiac-signs-3d-printer-model-file-collection"}}},"block_order":["featured_collection_HmPmbW","featured_collection_JYEjV9","featured_collection_KVdMx7","featured_collection_PfEtft","featured_collection_AkpAk6","featured_collection_fKNqTg","featured_collection_jfHtxY","featured_collection_XC7pLx","featured_collection_QAXHqG","featured_collection_mACzgm","featured_collection_Dt63FR","featured_collection_Yabq7f","featured_collection_N7Epe7","featured_collection_by4dzA","featured_collection_6DFkVH","featured_collection_jXKGfb","featured_collection_Y7WeNx","featured_collection_3K3jiY","featured_collection_mEyqMk","featured_collection_wYfDEb","featured_collection_QdNkaa","featured_collection_rmRxfh"],"settings":{"title":"","hide_title":false,"show_border":false,"collection_view":"show_in_grid"}}},"order":["homepageslideshow","image_with_text_MNwqTd","collection_gjGq34","image_with_text_Cr7QXz","collection_BwQfF6","image_with_text_TADxdi","collection_XtTEYV","image_with_text_tcDVQa","collection_fhQW9A","collection_jwf3px","collection_bdcp6R","collection_iaphrD","collection_iNenH4","homepagepromotion","collection_list_r3Kf8B","collection_list_ETandV"]}