{"sections":{"main":{"type":"page-template","settings":{}},"homepage_slideshow_9d83cE":{"type":"homepage-slideshow","settings":{"fullwidth":false,"bottom_padding":false,"dots":false,"speed":2,"heading_color":"#ffffff","heading_font_size":"80px","subheading_color":"#ffffff","subheading_font_size":"30px","button_bg_color":"#000000","button_text_color":"#ffffff"}},"image_with_text_RtbqgY":{"type":"image-with-text","settings":{"image":"shopify:\/\/shop_images\/BUY-more-save-more-main-sign-3.png","layout":"left","title":"BUY MORE 3D MODELS | SAVE MORE","text":"<p>Bulk | Qty Discounts | Available on Every 3D Printer Model File.<\/p><ul><li>BUY 2 | SAVE 20%<\/li><li>BUY 3 | SAVE 30%<\/li><li>BUY 4 | SAVE 40%<\/li><li>BUY 5 | SAVE 50%<\/li><\/ul><p><\/p><p><strong>Note | Discount Automatically Applied at Checkout. <\/strong>Enjoy. Discounts cannot be combined with other discounts. Only one discount may be used at a time. <\/p><p><\/p><p><\/p>","button_label":"SHOP NOW","button_link":"shopify:\/\/collections\/limited-edition-models-3d-printer-model-files"}}},"order":["main","homepage_slideshow_9d83cE","image_with_text_RtbqgY"]}