{"sections":{"main":{"type":"page-collection-listing-template","settings":{}},"collection_list_nc4VfC":{"type":"collection-list","blocks":{"featured_collection_BFEkGa":{"type":"featured_collection","settings":{"collection":""}},"featured_collection_QPtPPH":{"type":"featured_collection","settings":{"collection":""}},"featured_collection_GbPBH9":{"type":"featured_collection","settings":{"collection":""}}},"block_order":["featured_collection_BFEkGa","featured_collection_QPtPPH","featured_collection_GbPBH9"],"settings":{"title":"Collection list","hide_title":false,"show_border":false,"collection_view":"show_in_carousel"}}},"order":["main","collection_list_nc4VfC"]}