{"sections":{"main":{"type":"page-template","disabled":true,"settings":{}},"homepage_slideshow_9d83cE":{"type":"homepage-slideshow","blocks":{"image_NgNnd9":{"type":"image","settings":{"image":"shopify:\/\/shop_images\/All-Collections-Big-Banner-1.png","heading":"","subheading":"","button_text":"","link":"https:\/\/sethers.com\/collections\/all-3d-printer-model-files","heading_vertical_pos":"center","heading_horizontal_pos":"center","text_overlay_alignment":"center"}}},"block_order":["image_NgNnd9"],"settings":{"fullwidth":false,"bottom_padding":false,"dots":false,"speed":2,"heading_color":"#ffffff","heading_font_size":"80px","subheading_color":"#ffffff","subheading_font_size":"30px","button_bg_color":"#000000","button_text_color":"#ffffff"}},"collection_list_RBYYbh":{"type":"collection-list","blocks":{"featured_collection_FRN4Ym":{"type":"featured_collection","settings":{"collection":"all-3d-printer-model-files"}},"featured_collection_ppQ3Fm":{"type":"featured_collection","settings":{"collection":"limited-edition-models-3d-printer-model-files"}},"featured_collection_ha8Vmw":{"type":"featured_collection","settings":{"collection":"bestselling-3d-printer-model-files"}},"featured_collection_ehXKzR":{"type":"featured_collection","settings":{"collection":"3d-city-frames-collection-3d-printer-model-files"}},"featured_collection_WfwEic":{"type":"featured_collection","settings":{"collection":"animals-3d-printer-model-files"}},"featured_collection_Qf4EjL":{"type":"featured_collection","settings":{"collection":"articulated-flexi-3d-printer-model-files"}},"featured_collection_JQNAm4":{"type":"featured_collection","settings":{"collection":"batman-dark-knight-collection-3d-printer-stl-models"}},"featured_collection_LCKFw6":{"type":"featured_collection","settings":{"collection":"bioshock-collection-3d-printer-model-files"}},"featured_collection_HpDirQ":{"type":"featured_collection","settings":{"collection":"bird-houses-and-feeders"}},"featured_collection_33LyCj":{"type":"featured_collection","settings":{"collection":"beetlejuice-collection-3d-printer-model-files"}},"featured_collection_nwMMj7":{"type":"featured_collection","settings":{"collection":"chess-set-3d-printer-model-files"}},"featured_collection_cQcUmM":{"type":"featured_collection","settings":{"collection":"christian-collection-3d-printing-model-files"}},"featured_collection_87Npye":{"type":"featured_collection","settings":{"collection":"christmas-3d-printer-model-files"}},"featured_collection_C6HqcW":{"type":"featured_collection","settings":{"collection":"cosplay-3d-printer-model-files"}},"featured_collection_CKPKDD":{"type":"featured_collection","settings":{"collection":"cowboys-and-indians-3d-printer-model-files"}},"featured_collection_qEknWM":{"type":"featured_collection","settings":{"collection":"crochet-knitted-collection-3d-printed-model-files"}},"featured_collection_3MRFCF":{"type":"featured_collection","settings":{"collection":"deadpool-collection-3d-printer-model-files"}},"featured_collection_QMKyzx":{"type":"featured_collection","settings":{"collection":"dinosaurs-3d-printer-model-files"}},"featured_collection_m6yztL":{"type":"featured_collection","settings":{"collection":"dragons-3d-printer-model-files"}},"featured_collection_fcCnje":{"type":"featured_collection","settings":{"collection":"easter-3d-printer-model-files"}},"featured_collection_PBg4qG":{"type":"featured_collection","settings":{"collection":"educational-3d-printer-model-files"}},"featured_collection_ykxNdz":{"type":"featured_collection","settings":{"collection":"elvis-presley-collection-3d-printer-model-files"}},"featured_collection_jAUnDN":{"type":"featured_collection","settings":{"collection":"favorite-things-collecton-3d-printing-stl-models"}},"featured_collection_fke8NY":{"type":"featured_collection","settings":{"collection":"hueforge-3d-filament-painting-collection-3d-printer-model-files"}},"featured_collection_8DMR9L":{"type":"featured_collection","settings":{"collection":"gadgets-3d-printer-model-files"}},"featured_collection_kjEpQU":{"type":"featured_collection","settings":{"collection":"halloween-3d-printer-model-files"}},"featured_collection_kkn4qW":{"type":"featured_collection","settings":{"collection":"harry-potter-collection-3d-printing-model-files"}},"featured_collection_iCFLVz":{"type":"featured_collection","settings":{"collection":"headphone-stand-collection-3d-printer-model-files"}},"featured_collection_Xt36Qd":{"type":"featured_collection","settings":{"collection":"hello-kitty-collection-3d-printing-stl-model-files-at-sethers"}},"featured_collection_NUk3UA":{"type":"featured_collection","settings":{"collection":"home-decor-3d-printer-model-files"}},"featured_collection_rfi77D":{"type":"featured_collection","settings":{"collection":"how-the-grinch-stole-christmas-collection-3d-printer-model-files"}},"featured_collection_4CGAtc":{"type":"featured_collection","settings":{"collection":"humidifier-collection-3d-printer-model-files"}},"featured_collection_mbhqMC":{"type":"featured_collection","settings":{"collection":"incense-holders-backflow-burners-collection"}},"featured_collection_kGVkNQ":{"type":"featured_collection","settings":{"collection":"jewelry"}},"featured_collection_ttRBKf":{"type":"featured_collection","settings":{"collection":"labubu-collection"}},"featured_collection_eXjYpJ":{"type":"featured_collection","settings":{"collection":"lilo-and-stitch-collection-3d-printing-stl-models"}},"featured_collection_XpjT4E":{"type":"featured_collection","settings":{"collection":"masks-collection-3d-printer-model-files"}},"featured_collection_AWiJCP":{"type":"featured_collection","settings":{"collection":"mechanical-3d-printer-model-files"}},"featured_collection_CbFJJY":{"type":"featured_collection","settings":{"collection":"minecraft"}},"featured_collection_YnzyLL":{"type":"featured_collection","settings":{"collection":"movies-tv-and-icons-collection-3d-printer-stl-models"}},"featured_collection_CeVFGt":{"type":"featured_collection","settings":{"collection":"night-lights-3d-printer-model-files"}},"featured_collection_tLWgc9":{"type":"featured_collection","settings":{"collection":"ocean-3d-printer-model-files"}},"featured_collection_LAUyyk":{"type":"featured_collection","settings":{"collection":"popcorn-bucket-collection"}},"featured_collection_7NMXT6":{"type":"featured_collection","settings":{"collection":"piggy-banks-3d-printer-model-files"}},"featured_collection_cT8egL":{"type":"featured_collection","settings":{"collection":"pokemon-collection-3d-printer-model-files"}},"featured_collection_7LbGHE":{"type":"featured_collection","settings":{"collection":"print-in-place-3d-printer-model-files"}},"featured_collection_MnjEED":{"type":"featured_collection","settings":{"collection":"puzzle-and-games-3d-printer-model-files"}},"featured_collection_7eFypK":{"type":"featured_collection","settings":{"collection":"rock-roll-legends-3d-printing-models-collection"}},"featured_collection_Ee486G":{"type":"featured_collection","settings":{"collection":"rpg-accessories-3d-printer-model-files"}},"featured_collection_q9LGMG":{"type":"featured_collection","settings":{"collection":"rudolph-the-red-nosed-reindeer-collection"}}},"block_order":["featured_collection_FRN4Ym","featured_collection_ppQ3Fm","featured_collection_ha8Vmw","featured_collection_ehXKzR","featured_collection_WfwEic","featured_collection_Qf4EjL","featured_collection_JQNAm4","featured_collection_LCKFw6","featured_collection_HpDirQ","featured_collection_33LyCj","featured_collection_nwMMj7","featured_collection_cQcUmM","featured_collection_87Npye","featured_collection_C6HqcW","featured_collection_CKPKDD","featured_collection_qEknWM","featured_collection_3MRFCF","featured_collection_QMKyzx","featured_collection_m6yztL","featured_collection_fcCnje","featured_collection_PBg4qG","featured_collection_ykxNdz","featured_collection_jAUnDN","featured_collection_fke8NY","featured_collection_8DMR9L","featured_collection_kjEpQU","featured_collection_kkn4qW","featured_collection_iCFLVz","featured_collection_Xt36Qd","featured_collection_NUk3UA","featured_collection_rfi77D","featured_collection_4CGAtc","featured_collection_mbhqMC","featured_collection_kGVkNQ","featured_collection_ttRBKf","featured_collection_eXjYpJ","featured_collection_XpjT4E","featured_collection_AWiJCP","featured_collection_CbFJJY","featured_collection_YnzyLL","featured_collection_CeVFGt","featured_collection_tLWgc9","featured_collection_LAUyyk","featured_collection_7NMXT6","featured_collection_cT8egL","featured_collection_7LbGHE","featured_collection_MnjEED","featured_collection_7eFypK","featured_collection_Ee486G","featured_collection_q9LGMG"],"settings":{"title":"ALL COLLECTIONS | 3D Printer Model Files","hide_title":false,"show_border":true,"collection_view":"show_in_grid"}},"collection_list_gmj8wU":{"type":"collection-list","blocks":{"featured_collection_XnNc9H":{"type":"featured_collection","settings":{"collection":"secret-hidden-compartment"}},"featured_collection_gEiwBi":{"type":"featured_collection","settings":{"collection":"skulls-3d-printer-model-files"}},"featured_collection_hQTQRW":{"type":"featured_collection","settings":{"collection":"space-3d-printer-model-files"}},"featured_collection_apHHCn":{"type":"featured_collection","settings":{"collection":"squid-game-collection-3d-stl-printer-model-files"}},"featured_collection_j6idNn":{"type":"featured_collection","settings":{"collection":"superman-collection-3d-printing-model-files"}},"featured_collection_zFJ6AA":{"type":"featured_collection","settings":{"collection":"super-mario-brothers-3d-printing-stl-models-collection"}},"featured_collection_9EQYmj":{"type":"featured_collection","settings":{"collection":"st-patricks-day-3d-printer-model-files"}},"featured_collection_mM7WFz":{"type":"featured_collection","settings":{"collection":"star-trek-3d-printing-model-files"}},"featured_collection_VwPQNV":{"type":"featured_collection","settings":{"collection":"star-wars-collection-premium-3d-printing-stl-model-files"}},"featured_collection_Cj4BwU":{"type":"featured_collection","settings":{"collection":"steampunk-3d-printer-model-files"}},"featured_collection_NmExC3":{"type":"featured_collection","settings":{"collection":"tabasco-sauce-holder-collection"}},"featured_collection_pdDiPM":{"type":"featured_collection","settings":{"collection":"teddy-bears"}},"featured_collection_n9nwz7":{"type":"featured_collection","settings":{"collection":"thanksgiving"}},"featured_collection_QnBAFn":{"type":"featured_collection","settings":{"collection":"titanic-collection-3d-printing-stl-model-files"}},"featured_collection_zYH8Pc":{"type":"featured_collection","settings":{"collection":"useful-prints-3d-printer-model-files"}},"featured_collection_XJiUm3":{"type":"featured_collection","settings":{"collection":"valentines-day-3d-printer-model-files"}},"featured_collection_kjFWan":{"type":"featured_collection","settings":{"collection":"vases-planters-3d-print-model-files"}},"featured_collection_JJGDgi":{"type":"featured_collection","settings":{"collection":"walt-disney-3d-printing-model-files"}},"featured_collection_w83tX4":{"type":"featured_collection","settings":{"collection":"wedding-collection"}},"featured_collection_HcBR4c":{"type":"featured_collection","settings":{"collection":"wine-bottle-holders-3d-printer-model-files"}},"featured_collection_CapEan":{"type":"featured_collection","settings":{"collection":"the-wizard-of-oz-collection-stl-3d-printer-model-files"}},"featured_collection_PDxx6x":{"type":"featured_collection","settings":{"collection":"zodiac-signs-3d-printer-model-file-collection"}}},"block_order":["featured_collection_XnNc9H","featured_collection_gEiwBi","featured_collection_hQTQRW","featured_collection_apHHCn","featured_collection_j6idNn","featured_collection_zFJ6AA","featured_collection_9EQYmj","featured_collection_mM7WFz","featured_collection_VwPQNV","featured_collection_Cj4BwU","featured_collection_NmExC3","featured_collection_pdDiPM","featured_collection_n9nwz7","featured_collection_QnBAFn","featured_collection_zYH8Pc","featured_collection_XJiUm3","featured_collection_kjFWan","featured_collection_JJGDgi","featured_collection_w83tX4","featured_collection_HcBR4c","featured_collection_CapEan","featured_collection_PDxx6x"],"settings":{"title":"","hide_title":false,"show_border":false,"collection_view":"show_in_grid"}}},"order":["main","homepage_slideshow_9d83cE","collection_list_RBYYbh","collection_list_gmj8wU"]}