{"sections":{"main":{"type":"product-template","blocks":{"41c758cc-01ea-454a-a3ae-2d55825f707f":{"type":"title","settings":{}},"2a6c5cbd-6e6a-4304-8271-fc3b1f005367":{"type":"rating","settings":{}},"e3b9ab15-dc31-459c-800d-3ec23ac1ce8c":{"type":"price","settings":{}},"f70332ab-d258-4b64-a5ee-c27d3b713fe2":{"type":"flash_sold","settings":{}},"69abacd3-fd8d-4e9f-8697-51572edaf16e":{"type":"checklist","settings":{}},"ef1f4356-fadc-4c5a-810a-502a86e4f921":{"type":"variant_picker","settings":{}},"33bc2298-17f9-499a-b103-47ff3ca16ef7":{"type":"quantity_atc_selector","settings":{}},"879e522a-3bfc-4f89-8d03-c7026f379c02":{"type":"scarcity_bar","settings":{}},"5af4e51b-2cca-4c15-b191-4c412965842e":{"type":"information_alert","settings":{}},"dbaa534b-ec03-4468-9b72-ab0d54694dd2":{"type":"delivery_estimate","disabled":true,"settings":{}},"cdbadac3-74b7-48c3-b5e3-2b630aba057a":{"type":"visitors_counter","settings":{}},"9efcefca-4750-49b2-a9ed-21f930e4befd":{"type":"orders_counter","settings":{}},"32cfd47e-7d5d-435c-8e38-912dcf8b7281":{"type":"countdown_timer","settings":{}},"2d028677-e685-4440-b5b7-ed7d12fbcb22":{"type":"motivator_text","settings":{}},"003b254f-757c-4419-865f-9958b4587aff":{"type":"motivator_additional_text","settings":{}}},"block_order":["41c758cc-01ea-454a-a3ae-2d55825f707f","2a6c5cbd-6e6a-4304-8271-fc3b1f005367","e3b9ab15-dc31-459c-800d-3ec23ac1ce8c","f70332ab-d258-4b64-a5ee-c27d3b713fe2","69abacd3-fd8d-4e9f-8697-51572edaf16e","ef1f4356-fadc-4c5a-810a-502a86e4f921","33bc2298-17f9-499a-b103-47ff3ca16ef7","879e522a-3bfc-4f89-8d03-c7026f379c02","5af4e51b-2cca-4c15-b191-4c412965842e","dbaa534b-ec03-4468-9b72-ab0d54694dd2","cdbadac3-74b7-48c3-b5e3-2b630aba057a","9efcefca-4750-49b2-a9ed-21f930e4befd","32cfd47e-7d5d-435c-8e38-912dcf8b7281","2d028677-e685-4440-b5b7-ed7d12fbcb22","003b254f-757c-4419-865f-9958b4587aff"],"settings":{"enable_product_tabs":true,"tabs_location":"tabs_on_right_side","default_tab":"0","enable_description_tab":true,"description_tab_heading":"Description","description_location":"in_tabs","enable_shipping_tab":true,"shipping_tab_header":"Shipping","shipping_tab_shipping_label":"Shipping","shipping_tab_shipping_text":"This item ships to {country}","enable_country_flag":true,"enable_delivery_option":false,"shipping_tab_delivery_label":"Delivery","shipping_tab_delivery_estimate_text":"Estimated between {start_date} and {end_date}.","shipping_tab_delivery_information_text":"Will usually ship within 1 business day.","delivery_start":"10","delivery_end":"15","delivery_cut_off":"16:00:00","delivery_off_days":"SAT SUN","shipping_tab_text":"","enable_product_review":false,"review_location":"in_tabs","product_review_tab_heading":"Reviews","display_review_star_product":true}},"productsectionsnew":{"type":"product-sections-new","settings":{}},"1712776275d0eb3355":{"type":"apps","blocks":{"tranh_social_media_share_bar_app_block_xeHrg7":{"type":"shopify:\/\/apps\/tranh-social-media-share-bar\/blocks\/app-block\/671b3682-2d3c-4954-8de4-2fd7ae8cd75e","settings":{"pr_social_share":"{}"}}},"block_order":["tranh_social_media_share_bar_app_block_xeHrg7"],"settings":{}},"relatedproducts":{"type":"related-products-new","disabled":true,"name":"old related products needs deleted","settings":{"enable":false,"max_products_count":10}},"productinformation":{"type":"product-information-new","settings":{"enable":true,"visitors_counter_enable":true,"visitors_counter_text":"visitors right now","addedtocart_counter_enable":true,"addedtocart_counter_text":"visitors have this item in their cart right now","orders_counter_enable":true,"orders_counter_text":"people have bought this item","multibuy_counter_enable":true,"multibuy_counter_text":"% of people buy 2 or more"}},"curated_related_products_v2_REk6w4":{"type":"curated-related-products-v2","name":"Related Products v2","settings":{"heading":"Related Products","card_snippet":"grid_item","max_items":6,"hide_border_bottom":false,"padding_top":32,"padding_bottom":32}},"productrecently":{"type":"product-recently-viewed","settings":{"rv_enable":true,"rv_title":"Recently viewed products","rv_layout":"slider","rv_products_limit":6}},"1712077614c0a01951":{"type":"apps","blocks":{"rivyo_product_reviews_wc_review_section_8RFNny":{"type":"shopify:\/\/apps\/rivyo-product-reviews\/blocks\/wc-review-section\/f1860e84-309f-40ca-a2df-188435a622f3","settings":{}}},"block_order":["rivyo_product_reviews_wc_review_section_8RFNny"],"settings":{}},"17564785565531f596":{"type":"apps","settings":{}}},"order":["main","productsectionsnew","1712776275d0eb3355","relatedproducts","productinformation","curated_related_products_v2_REk6w4","productrecently","1712077614c0a01951","17564785565531f596"]}